,bench,dim,instance,rep,label
0,iaml_ranger,8,40981,1,HB-TE
1,iaml_ranger,8,40981,4,HB-TE
2,iaml_ranger,8,40981,6,HB-TE
3,iaml_ranger,8,40981,8,HB-SH
4,iaml_ranger,8,40981,11,HB-TE
5,iaml_ranger,8,40981,15,HB-TE
6,rbv2_aknn,6,11,10,HB-TE
7,rbv2_aknn,6,18,3,HB-SH
8,rbv2_aknn,6,18,18,HB-TE
9,rbv2_aknn,6,24,0,HB-SH
10,rbv2_aknn,6,24,2,HB-TE
11,rbv2_aknn,6,24,3,HB-TE
12,rbv2_aknn,6,24,4,HB-TE
13,rbv2_aknn,6,24,7,HB-TE
14,rbv2_aknn,6,24,8,HB-SH
15,rbv2_aknn,6,24,10,HB-SH
16,rbv2_aknn,6,24,11,HB-TE
17,rbv2_aknn,6,24,13,HB-TE
18,rbv2_aknn,6,24,14,HB-SH
19,rbv2_aknn,6,24,15,HB-TE
20,rbv2_aknn,6,24,16,HB-TE
21,rbv2_aknn,6,24,18,HB-TE
22,rbv2_aknn,6,24,19,HB-TE
23,rbv2_aknn,6,1049,4,HB-TE
24,rbv2_aknn,6,1068,0,HB-TE
25,rbv2_aknn,6,1068,1,HB-TE
26,rbv2_aknn,6,1068,2,HB-TE
27,rbv2_aknn,6,1068,4,HB-TE
28,rbv2_aknn,6,1068,5,HB-TE
29,rbv2_aknn,6,1068,8,HB-TE
30,rbv2_aknn,6,1068,10,HB-TE
31,rbv2_aknn,6,1068,13,HB-TE
32,rbv2_aknn,6,1068,16,HB-TE
33,rbv2_aknn,6,1068,17,HB-TE
34,rbv2_aknn,6,1068,19,HB-TE
35,rbv2_aknn,6,23517,0,HB-TE
36,rbv2_aknn,6,23517,2,HB-TE
37,rbv2_aknn,6,23517,5,HB-TE
38,rbv2_aknn,6,23517,7,HB-TE
39,rbv2_aknn,6,23517,8,HB-TE
40,rbv2_aknn,6,23517,11,HB-TE
41,rbv2_aknn,6,23517,15,HB-TE
42,rbv2_aknn,6,23517,17,HB-TE
43,rbv2_aknn,6,23517,18,HB-TE
44,rbv2_aknn,6,23517,19,HB-TE
45,rbv2_aknn,6,40923,0,HB-SH
46,rbv2_aknn,6,40923,2,HB-TE
47,rbv2_aknn,6,40923,3,HB-SH
48,rbv2_aknn,6,40923,5,HB-SH
49,rbv2_aknn,6,40923,6,HB-SH
50,rbv2_aknn,6,40923,8,HB-SH
51,rbv2_aknn,6,40923,10,HB-SH
52,rbv2_aknn,6,40923,14,HB-SH
53,rbv2_aknn,6,40923,17,HB-TE
54,rbv2_aknn,6,40923,19,HB-TE
55,rbv2_aknn,6,41159,3,HB-SH
56,rbv2_aknn,6,41159,8,HB-TE
57,rbv2_aknn,6,41159,11,HB-SH
58,rbv2_aknn,6,41166,1,HB-TE
59,rbv2_aknn,6,41166,5,HB-TE
60,rbv2_aknn,6,41166,8,HB-SH
61,rbv2_aknn,6,41166,9,HB-SH
62,rbv2_aknn,6,41166,12,HB-TE
63,rbv2_aknn,6,41166,13,HB-TE
64,rbv2_aknn,6,41166,14,HB-TE
65,rbv2_aknn,6,41166,17,HB-TE
66,rbv2_aknn,6,41166,19,HB-TE
67,rbv2_glmnet,3,3,2,HB-TE
68,rbv2_glmnet,3,3,3,HB-SH
69,rbv2_glmnet,3,3,5,HB-TE
70,rbv2_glmnet,3,3,6,HB-SH
71,rbv2_glmnet,3,3,10,HB-SH
72,rbv2_glmnet,3,3,12,HB-SH
73,rbv2_glmnet,3,3,13,HB-TE
74,rbv2_glmnet,3,3,18,HB-TE
75,rbv2_glmnet,3,3,19,HB-TE
76,rbv2_glmnet,3,6,2,HB-TE
77,rbv2_glmnet,3,6,4,HB-SH
78,rbv2_glmnet,3,6,6,HB-TE
79,rbv2_glmnet,3,6,7,HB-SH
80,rbv2_glmnet,3,6,9,HB-SH
81,rbv2_glmnet,3,11,0,HB-TE
82,rbv2_glmnet,3,11,1,HB-SH
83,rbv2_glmnet,3,11,2,HB-SH
84,rbv2_glmnet,3,11,12,HB-TE
85,rbv2_glmnet,3,11,14,HB-SH
86,rbv2_glmnet,3,11,17,HB-SH
87,rbv2_glmnet,3,11,19,HB-TE
88,rbv2_glmnet,3,12,1,HB-SH
89,rbv2_glmnet,3,12,7,HB-SH
90,rbv2_glmnet,3,12,8,HB-SH
91,rbv2_glmnet,3,12,10,HB-SH
92,rbv2_glmnet,3,12,11,HB-TE
93,rbv2_glmnet,3,14,0,HB-SH
94,rbv2_glmnet,3,14,2,HB-TE
95,rbv2_glmnet,3,14,3,HB-TE
96,rbv2_glmnet,3,14,4,HB-SH
97,rbv2_glmnet,3,14,6,HB-TE
98,rbv2_glmnet,3,14,7,HB-SH
99,rbv2_glmnet,3,14,8,HB-SH
100,rbv2_glmnet,3,14,10,HB-SH
101,rbv2_glmnet,3,14,12,HB-SH
102,rbv2_glmnet,3,14,13,HB-TE
103,rbv2_glmnet,3,14,14,HB-SH
104,rbv2_glmnet,3,14,17,HB-SH
105,rbv2_glmnet,3,14,18,HB-TE
106,rbv2_glmnet,3,15,15,HB-TE
107,rbv2_glmnet,3,15,19,HB-TE
108,rbv2_glmnet,3,16,0,HB-TE
109,rbv2_glmnet,3,16,1,HB-TE
110,rbv2_glmnet,3,16,2,HB-TE
111,rbv2_glmnet,3,16,3,HB-TE
112,rbv2_glmnet,3,16,5,HB-TE
113,rbv2_glmnet,3,16,7,HB-SH
114,rbv2_glmnet,3,16,9,HB-TE
115,rbv2_glmnet,3,16,10,HB-TE
116,rbv2_glmnet,3,16,11,HB-TE
117,rbv2_glmnet,3,16,15,HB-TE
118,rbv2_glmnet,3,16,17,HB-SH
119,rbv2_glmnet,3,16,19,HB-TE
120,rbv2_glmnet,3,18,15,HB-SH
121,rbv2_glmnet,3,18,19,HB-TE
122,rbv2_glmnet,3,22,0,HB-TE
123,rbv2_glmnet,3,22,2,HB-SH
124,rbv2_glmnet,3,22,5,HB-SH
125,rbv2_glmnet,3,22,7,HB-SH
126,rbv2_glmnet,3,22,10,HB-SH
127,rbv2_glmnet,3,22,12,HB-SH
128,rbv2_glmnet,3,22,18,HB-SH
129,rbv2_glmnet,3,22,19,HB-SH
130,rbv2_glmnet,3,23,1,HB-SH
131,rbv2_glmnet,3,24,0,HB-SH
132,rbv2_glmnet,3,24,2,HB-SH
133,rbv2_glmnet,3,24,4,HB-TE
134,rbv2_glmnet,3,24,5,HB-SH
135,rbv2_glmnet,3,24,10,HB-SH
136,rbv2_glmnet,3,24,11,HB-SH
137,rbv2_glmnet,3,24,12,HB-TE
138,rbv2_glmnet,3,24,13,HB-SH
139,rbv2_glmnet,3,28,10,HB-TE
140,rbv2_glmnet,3,28,12,HB-SH
141,rbv2_glmnet,3,28,19,HB-TE
142,rbv2_glmnet,3,29,12,HB-SH
143,rbv2_glmnet,3,31,7,HB-SH
144,rbv2_glmnet,3,32,0,HB-SH
145,rbv2_glmnet,3,32,5,HB-TE
146,rbv2_glmnet,3,32,7,HB-SH
147,rbv2_glmnet,3,32,8,HB-SH
148,rbv2_glmnet,3,32,10,HB-TE
149,rbv2_glmnet,3,32,13,HB-TE
150,rbv2_glmnet,3,32,14,HB-TE
151,rbv2_glmnet,3,32,15,HB-SH
152,rbv2_glmnet,3,32,16,HB-TE
153,rbv2_glmnet,3,32,19,HB-SH
154,rbv2_glmnet,3,37,2,HB-SH
155,rbv2_glmnet,3,37,5,HB-SH
156,rbv2_glmnet,3,37,6,HB-SH
157,rbv2_glmnet,3,37,15,HB-SH
158,rbv2_glmnet,3,42,0,HB-SH
159,rbv2_glmnet,3,42,1,HB-TE
160,rbv2_glmnet,3,42,6,HB-TE
161,rbv2_glmnet,3,42,7,HB-TE
162,rbv2_glmnet,3,42,19,HB-TE
163,rbv2_glmnet,3,44,15,HB-TE
164,rbv2_glmnet,3,46,0,HB-SH
165,rbv2_glmnet,3,46,4,HB-SH
166,rbv2_glmnet,3,46,5,HB-TE
167,rbv2_glmnet,3,46,7,HB-SH
168,rbv2_glmnet,3,46,11,HB-SH
169,rbv2_glmnet,3,46,13,HB-SH
170,rbv2_glmnet,3,46,15,HB-SH
171,rbv2_glmnet,3,46,16,HB-SH
172,rbv2_glmnet,3,54,3,HB-TE
173,rbv2_glmnet,3,54,19,HB-SH
174,rbv2_glmnet,3,60,4,HB-TE
175,rbv2_glmnet,3,60,7,HB-SH
176,rbv2_glmnet,3,60,9,HB-TE
177,rbv2_glmnet,3,60,10,HB-TE
178,rbv2_glmnet,3,60,12,HB-SH
179,rbv2_glmnet,3,60,14,HB-SH
180,rbv2_glmnet,3,60,16,HB-SH
181,rbv2_glmnet,3,60,18,HB-SH
182,rbv2_glmnet,3,60,19,HB-SH
183,rbv2_glmnet,3,151,1,HB-SH
184,rbv2_glmnet,3,151,2,HB-SH
185,rbv2_glmnet,3,181,5,HB-SH
186,rbv2_glmnet,3,182,1,HB-SH
187,rbv2_glmnet,3,182,5,HB-SH
188,rbv2_glmnet,3,182,10,HB-SH
189,rbv2_glmnet,3,182,11,HB-TE
190,rbv2_glmnet,3,182,12,HB-SH
191,rbv2_glmnet,3,182,13,HB-SH
192,rbv2_glmnet,3,182,14,HB-TE
193,rbv2_glmnet,3,188,2,HB-TE
194,rbv2_glmnet,3,188,6,HB-TE
195,rbv2_glmnet,3,188,7,HB-TE
196,rbv2_glmnet,3,188,15,HB-SH
197,rbv2_glmnet,3,188,19,HB-SH
198,rbv2_glmnet,3,300,2,HB-SH
199,rbv2_glmnet,3,300,5,HB-SH
200,rbv2_glmnet,3,300,6,HB-SH
201,rbv2_glmnet,3,300,7,HB-SH
202,rbv2_glmnet,3,300,9,HB-SH
203,rbv2_glmnet,3,300,12,HB-TE
204,rbv2_glmnet,3,300,13,HB-SH
205,rbv2_glmnet,3,300,14,HB-TE
206,rbv2_glmnet,3,300,15,HB-SH
207,rbv2_glmnet,3,300,17,HB-TE
208,rbv2_glmnet,3,300,19,HB-SH
209,rbv2_glmnet,3,307,1,HB-SH
210,rbv2_glmnet,3,307,2,HB-TE
211,rbv2_glmnet,3,307,3,HB-SH
212,rbv2_glmnet,3,307,15,HB-TE
213,rbv2_glmnet,3,334,2,HB-SH
214,rbv2_glmnet,3,334,6,HB-SH
215,rbv2_glmnet,3,375,0,HB-TE
216,rbv2_glmnet,3,375,2,HB-SH
217,rbv2_glmnet,3,375,3,HB-SH
218,rbv2_glmnet,3,375,6,HB-SH
219,rbv2_glmnet,3,375,7,HB-TE
220,rbv2_glmnet,3,375,8,HB-TE
221,rbv2_glmnet,3,375,11,HB-TE
222,rbv2_glmnet,3,375,15,HB-SH
223,rbv2_glmnet,3,377,9,HB-TE
224,rbv2_glmnet,3,458,7,HB-SH
225,rbv2_glmnet,3,458,11,HB-TE
226,rbv2_glmnet,3,554,0,HB-SH
227,rbv2_glmnet,3,554,1,HB-SH
228,rbv2_glmnet,3,554,4,HB-SH
229,rbv2_glmnet,3,554,5,HB-SH
230,rbv2_glmnet,3,554,6,HB-TE
231,rbv2_glmnet,3,554,7,HB-SH
232,rbv2_glmnet,3,554,12,HB-TE
233,rbv2_glmnet,3,554,14,HB-TE
234,rbv2_glmnet,3,554,15,HB-SH
235,rbv2_glmnet,3,554,16,HB-TE
236,rbv2_glmnet,3,1111,1,HB-TE
237,rbv2_glmnet,3,1457,4,HB-TE
238,rbv2_glmnet,3,1457,13,HB-SH
239,rbv2_glmnet,3,1457,15,HB-TE
240,rbv2_glmnet,3,1457,16,HB-SH
241,rbv2_glmnet,3,1462,1,HB-SH
242,rbv2_glmnet,3,1462,4,HB-TE
243,rbv2_glmnet,3,1462,6,HB-SH
244,rbv2_glmnet,3,1462,8,HB-SH
245,rbv2_glmnet,3,1462,12,HB-TE
246,rbv2_glmnet,3,1462,15,HB-TE
247,rbv2_glmnet,3,1464,3,HB-TE
248,rbv2_glmnet,3,1464,12,HB-SH
249,rbv2_glmnet,3,1468,5,HB-TE
250,rbv2_glmnet,3,1468,6,HB-SH
251,rbv2_glmnet,3,1468,8,HB-TE
252,rbv2_glmnet,3,1468,11,HB-TE
253,rbv2_glmnet,3,1468,12,HB-TE
254,rbv2_glmnet,3,1468,14,HB-TE
255,rbv2_glmnet,3,1476,4,HB-SH
256,rbv2_glmnet,3,1476,5,HB-SH
257,rbv2_glmnet,3,1476,6,HB-TE
258,rbv2_glmnet,3,1476,7,HB-SH
259,rbv2_glmnet,3,1476,9,HB-TE
260,rbv2_glmnet,3,1476,13,HB-SH
261,rbv2_glmnet,3,1476,14,HB-TE
262,rbv2_glmnet,3,1476,15,HB-SH
263,rbv2_glmnet,3,1476,17,HB-SH
264,rbv2_glmnet,3,1476,18,HB-SH
265,rbv2_glmnet,3,1476,19,HB-TE
266,rbv2_glmnet,3,1478,11,HB-TE
267,rbv2_glmnet,3,1478,12,HB-SH
268,rbv2_glmnet,3,1485,1,HB-SH
269,rbv2_glmnet,3,1485,15,HB-SH
270,rbv2_glmnet,3,1493,0,HB-TE
271,rbv2_glmnet,3,1493,2,HB-SH
272,rbv2_glmnet,3,1493,3,HB-SH
273,rbv2_glmnet,3,1493,5,HB-SH
274,rbv2_glmnet,3,1493,6,HB-SH
275,rbv2_glmnet,3,1493,9,HB-TE
276,rbv2_glmnet,3,1493,10,HB-SH
277,rbv2_glmnet,3,1493,15,HB-SH
278,rbv2_glmnet,3,1494,12,HB-SH
279,rbv2_glmnet,3,1497,3,HB-TE
280,rbv2_glmnet,3,1497,8,HB-SH
281,rbv2_glmnet,3,1497,10,HB-TE
282,rbv2_glmnet,3,1497,12,HB-SH
283,rbv2_glmnet,3,1497,13,HB-SH
284,rbv2_glmnet,3,1497,14,HB-SH
285,rbv2_glmnet,3,1497,17,HB-TE
286,rbv2_glmnet,3,1497,19,HB-TE
287,rbv2_glmnet,3,1501,0,HB-SH
288,rbv2_glmnet,3,1501,4,HB-SH
289,rbv2_glmnet,3,1501,10,HB-SH
290,rbv2_glmnet,3,1501,11,HB-TE
291,rbv2_glmnet,3,1501,12,HB-SH
292,rbv2_glmnet,3,1501,17,HB-TE
293,rbv2_glmnet,3,1510,2,HB-TE
294,rbv2_glmnet,3,1510,15,HB-TE
295,rbv2_glmnet,3,1515,3,HB-SH
296,rbv2_glmnet,3,1515,15,HB-SH
297,rbv2_glmnet,3,4534,5,HB-SH
298,rbv2_glmnet,3,4541,13,HB-SH
299,rbv2_glmnet,3,6332,4,HB-SH
300,rbv2_glmnet,3,6332,8,HB-SH
301,rbv2_glmnet,3,6332,11,HB-TE
302,rbv2_glmnet,3,6332,14,HB-SH
303,rbv2_glmnet,3,6332,15,HB-TE
304,rbv2_glmnet,3,6332,16,HB-SH
305,rbv2_glmnet,3,6332,18,HB-TE
306,rbv2_glmnet,3,23512,1,HB-SH
307,rbv2_glmnet,3,23517,0,HB-SH
308,rbv2_glmnet,3,23517,2,HB-TE
309,rbv2_glmnet,3,23517,3,HB-SH
310,rbv2_glmnet,3,23517,6,HB-TE
311,rbv2_glmnet,3,23517,9,HB-SH
312,rbv2_glmnet,3,23517,11,HB-SH
313,rbv2_glmnet,3,23517,12,HB-SH
314,rbv2_glmnet,3,23517,15,HB-SH
315,rbv2_glmnet,3,23517,16,HB-SH
316,rbv2_glmnet,3,23517,19,HB-SH
317,rbv2_glmnet,3,40496,0,HB-TE
318,rbv2_glmnet,3,40496,15,HB-TE
319,rbv2_glmnet,3,40496,17,HB-SH
320,rbv2_glmnet,3,40499,0,HB-TE
321,rbv2_glmnet,3,40499,2,HB-TE
322,rbv2_glmnet,3,40499,3,HB-SH
323,rbv2_glmnet,3,40499,4,HB-TE
324,rbv2_glmnet,3,40499,8,HB-SH
325,rbv2_glmnet,3,40499,9,HB-TE
326,rbv2_glmnet,3,40499,13,HB-SH
327,rbv2_glmnet,3,40499,14,HB-SH
328,rbv2_glmnet,3,40499,15,HB-SH
329,rbv2_glmnet,3,40499,18,HB-SH
330,rbv2_glmnet,3,40499,19,HB-SH
331,rbv2_glmnet,3,40670,1,HB-TE
332,rbv2_glmnet,3,40670,3,HB-TE
333,rbv2_glmnet,3,40670,4,HB-TE
334,rbv2_glmnet,3,40670,5,HB-TE
335,rbv2_glmnet,3,40670,6,HB-TE
336,rbv2_glmnet,3,40670,12,HB-SH
337,rbv2_glmnet,3,40670,15,HB-SH
338,rbv2_glmnet,3,40670,18,HB-SH
339,rbv2_glmnet,3,40701,0,HB-SH
340,rbv2_glmnet,3,40701,2,HB-SH
341,rbv2_glmnet,3,40701,5,HB-SH
342,rbv2_glmnet,3,40701,6,HB-SH
343,rbv2_glmnet,3,40701,7,HB-SH
344,rbv2_glmnet,3,40701,8,HB-SH
345,rbv2_glmnet,3,40701,10,HB-SH
346,rbv2_glmnet,3,40701,16,HB-SH
347,rbv2_glmnet,3,40966,1,HB-SH
348,rbv2_glmnet,3,40966,2,HB-TE
349,rbv2_glmnet,3,40966,3,HB-TE
350,rbv2_glmnet,3,40966,4,HB-TE
351,rbv2_glmnet,3,40966,5,HB-TE
352,rbv2_glmnet,3,40966,7,HB-SH
353,rbv2_glmnet,3,40966,9,HB-SH
354,rbv2_glmnet,3,40966,11,HB-SH
355,rbv2_glmnet,3,40966,13,HB-TE
356,rbv2_glmnet,3,40966,14,HB-TE
357,rbv2_glmnet,3,40966,16,HB-TE
358,rbv2_glmnet,3,40966,18,HB-TE
359,rbv2_glmnet,3,40966,19,HB-SH
360,rbv2_glmnet,3,40981,0,HB-SH
361,rbv2_glmnet,3,40981,3,HB-TE
362,rbv2_glmnet,3,40981,5,HB-TE
363,rbv2_glmnet,3,40981,8,HB-SH
364,rbv2_glmnet,3,40981,12,HB-TE
365,rbv2_glmnet,3,40981,14,HB-TE
366,rbv2_glmnet,3,40981,15,HB-TE
367,rbv2_glmnet,3,40981,18,HB-TE
368,rbv2_glmnet,3,40981,19,HB-TE
369,rbv2_glmnet,3,40982,4,HB-SH
370,rbv2_glmnet,3,40982,7,HB-TE
371,rbv2_glmnet,3,40982,11,HB-SH
372,rbv2_glmnet,3,40982,12,HB-SH
373,rbv2_glmnet,3,40982,13,HB-SH
374,rbv2_glmnet,3,40982,15,HB-TE
375,rbv2_glmnet,3,40982,16,HB-SH
376,rbv2_glmnet,3,40982,17,HB-TE
377,rbv2_glmnet,3,40982,18,HB-TE
378,rbv2_glmnet,3,40984,0,HB-SH
379,rbv2_glmnet,3,40984,4,HB-SH
380,rbv2_glmnet,3,40984,7,HB-SH
381,rbv2_glmnet,3,40984,8,HB-SH
382,rbv2_glmnet,3,40984,9,HB-TE
383,rbv2_glmnet,3,40984,10,HB-SH
384,rbv2_glmnet,3,40984,11,HB-SH
385,rbv2_glmnet,3,40984,12,HB-SH
386,rbv2_glmnet,3,40984,14,HB-SH
387,rbv2_glmnet,3,40984,17,HB-SH
388,rbv2_glmnet,3,40984,18,HB-SH
389,rbv2_glmnet,3,41142,1,HB-TE
390,rbv2_glmnet,3,41142,9,HB-TE
391,rbv2_glmnet,3,41142,10,HB-SH
392,rbv2_glmnet,3,41142,11,HB-SH
393,rbv2_glmnet,3,41142,16,HB-SH
394,rbv2_glmnet,3,41143,6,HB-SH
395,rbv2_glmnet,3,41143,7,HB-SH
396,rbv2_glmnet,3,41143,9,HB-TE
397,rbv2_glmnet,3,41143,13,HB-SH
398,rbv2_glmnet,3,41143,14,HB-TE
399,rbv2_glmnet,3,41143,15,HB-SH
400,rbv2_glmnet,3,41146,0,HB-SH
401,rbv2_glmnet,3,41146,1,HB-SH
402,rbv2_glmnet,3,41146,2,HB-SH
403,rbv2_glmnet,3,41146,3,HB-SH
404,rbv2_glmnet,3,41146,5,HB-SH
405,rbv2_glmnet,3,41146,6,HB-SH
406,rbv2_glmnet,3,41146,9,HB-SH
407,rbv2_glmnet,3,41146,12,HB-SH
408,rbv2_glmnet,3,41146,13,HB-SH
409,rbv2_glmnet,3,41146,19,HB-SH
410,rbv2_glmnet,3,41157,11,HB-TE
411,rbv2_glmnet,3,41157,12,HB-TE
412,rbv2_glmnet,3,41163,5,HB-SH
413,rbv2_glmnet,3,41163,6,HB-SH
414,rbv2_glmnet,3,41163,7,HB-SH
415,rbv2_glmnet,3,41163,11,HB-TE
416,rbv2_glmnet,3,41163,12,HB-SH
417,rbv2_glmnet,3,41163,17,HB-TE
418,rbv2_glmnet,3,41163,18,HB-SH
419,rbv2_glmnet,3,41163,19,HB-SH
420,rbv2_glmnet,3,41164,1,HB-SH
421,rbv2_glmnet,3,41166,6,HB-TE
422,rbv2_glmnet,3,41166,7,HB-TE
423,rbv2_glmnet,3,41166,12,HB-TE
424,rbv2_glmnet,3,41166,14,HB-TE
425,rbv2_glmnet,3,41166,16,HB-TE
426,rbv2_glmnet,3,41168,15,HB-SH
427,rbv2_glmnet,3,41169,18,HB-SH
428,rbv2_glmnet,3,41212,0,HB-SH
429,rbv2_glmnet,3,41212,2,HB-SH
430,rbv2_glmnet,3,41212,3,HB-SH
431,rbv2_glmnet,3,41212,4,HB-SH
432,rbv2_glmnet,3,41212,5,HB-SH
433,rbv2_glmnet,3,41212,8,HB-SH
434,rbv2_glmnet,3,41212,12,HB-SH
435,rbv2_glmnet,3,41212,16,HB-SH
436,rbv2_glmnet,3,41212,17,HB-SH
437,rbv2_glmnet,3,41212,19,HB-TE
438,rbv2_glmnet,3,41216,6,HB-SH
439,rbv2_glmnet,3,41216,10,HB-TE
440,rbv2_glmnet,3,41216,11,HB-TE
441,rbv2_glmnet,3,41216,13,HB-SH
442,rbv2_glmnet,3,41216,14,HB-TE
443,rbv2_ranger,8,23,1,HB-TE
444,rbv2_ranger,8,23,2,HB-TE
445,rbv2_ranger,8,23,4,HB-TE
446,rbv2_ranger,8,23,8,HB-TE
447,rbv2_ranger,8,23,10,HB-TE
448,rbv2_ranger,8,23,13,HB-TE
449,rbv2_ranger,8,23,14,HB-TE
450,rbv2_ranger,8,23,16,HB-TE
451,rbv2_ranger,8,23,19,HB-TE
452,rbv2_ranger,8,554,0,HB-TE
453,rbv2_ranger,8,4135,0,HB-SH
454,rbv2_ranger,8,4135,6,HB-TE
455,rbv2_ranger,8,4135,10,HB-TE
456,rbv2_ranger,8,4135,12,HB-TE
457,rbv2_ranger,8,4135,16,HB-SH
458,rbv2_ranger,8,4135,17,HB-TE
459,rbv2_ranger,8,40927,11,HB-TE
460,rbv2_ranger,8,40994,3,HB-TE
461,rbv2_ranger,8,40994,4,HB-TE
462,rbv2_ranger,8,40994,5,HB-TE
463,rbv2_ranger,8,40994,6,HB-TE
464,rbv2_ranger,8,40994,9,HB-TE
465,rbv2_ranger,8,40994,13,HB-TE
466,rbv2_ranger,8,40994,14,HB-SH
467,rbv2_ranger,8,40994,15,HB-TE
468,rbv2_ranger,8,40994,17,HB-TE
469,rbv2_ranger,8,40994,19,HB-TE
470,rbv2_ranger,8,40996,11,HB-SH
471,rbv2_ranger,8,40996,13,HB-SH
472,rbv2_ranger,8,40996,19,HB-TE
473,rbv2_ranger,8,41159,12,HB-TE
474,rbv2_ranger,8,41159,14,HB-TE
475,rbv2_ranger,8,41159,17,HB-TE
476,rbv2_rpart,5,3,0,HB-SH
477,rbv2_rpart,5,6,18,HB-SH
478,rbv2_rpart,5,12,2,HB-TE
479,rbv2_rpart,5,12,3,HB-SH
480,rbv2_rpart,5,12,5,HB-TE
481,rbv2_rpart,5,12,6,HB-SH
482,rbv2_rpart,5,12,8,HB-TE
483,rbv2_rpart,5,12,15,HB-TE
484,rbv2_rpart,5,12,17,HB-SH
485,rbv2_rpart,5,14,2,HB-TE
486,rbv2_rpart,5,14,10,HB-TE
487,rbv2_rpart,5,14,13,HB-SH
488,rbv2_rpart,5,15,10,HB-TE
489,rbv2_rpart,5,18,4,HB-SH
490,rbv2_rpart,5,18,10,HB-TE
491,rbv2_rpart,5,18,15,HB-TE
492,rbv2_rpart,5,18,16,HB-TE
493,rbv2_rpart,5,18,19,HB-SH
494,rbv2_rpart,5,23,10,HB-TE
495,rbv2_rpart,5,28,13,HB-TE
496,rbv2_rpart,5,28,18,HB-TE
497,rbv2_rpart,5,28,19,HB-TE
498,rbv2_rpart,5,32,3,HB-TE
499,rbv2_rpart,5,32,4,HB-SH
500,rbv2_rpart,5,32,5,HB-TE
501,rbv2_rpart,5,32,9,HB-SH
502,rbv2_rpart,5,32,10,HB-TE
503,rbv2_rpart,5,32,11,HB-SH
504,rbv2_rpart,5,32,12,HB-TE
505,rbv2_rpart,5,32,15,HB-TE
506,rbv2_rpart,5,37,8,HB-SH
507,rbv2_rpart,5,37,10,HB-TE
508,rbv2_rpart,5,37,15,HB-TE
509,rbv2_rpart,5,46,0,HB-TE
510,rbv2_rpart,5,46,1,HB-SH
511,rbv2_rpart,5,46,3,HB-SH
512,rbv2_rpart,5,46,10,HB-SH
513,rbv2_rpart,5,46,18,HB-TE
514,rbv2_rpart,5,46,19,HB-SH
515,rbv2_rpart,5,50,1,HB-TE
516,rbv2_rpart,5,54,3,HB-TE
517,rbv2_rpart,5,54,5,HB-SH
518,rbv2_rpart,5,54,6,HB-SH
519,rbv2_rpart,5,54,8,HB-TE
520,rbv2_rpart,5,54,13,HB-SH
521,rbv2_rpart,5,54,14,HB-TE
522,rbv2_rpart,5,54,16,HB-TE
523,rbv2_rpart,5,54,17,HB-SH
524,rbv2_rpart,5,60,15,HB-SH
525,rbv2_rpart,5,151,4,HB-TE
526,rbv2_rpart,5,188,3,HB-TE
527,rbv2_rpart,5,188,4,HB-TE
528,rbv2_rpart,5,188,6,HB-SH
529,rbv2_rpart,5,188,8,HB-TE
530,rbv2_rpart,5,188,9,HB-SH
531,rbv2_rpart,5,188,10,HB-TE
532,rbv2_rpart,5,188,11,HB-TE
533,rbv2_rpart,5,188,14,HB-SH
534,rbv2_rpart,5,188,16,HB-SH
535,rbv2_rpart,5,312,7,HB-TE
536,rbv2_rpart,5,377,13,HB-TE
537,rbv2_rpart,5,458,1,HB-SH
538,rbv2_rpart,5,458,2,HB-SH
539,rbv2_rpart,5,458,17,HB-SH
540,rbv2_rpart,5,458,18,HB-SH
541,rbv2_rpart,5,469,16,HB-SH
542,rbv2_rpart,5,1067,1,HB-SH
543,rbv2_rpart,5,1067,2,HB-TE
544,rbv2_rpart,5,1067,3,HB-SH
545,rbv2_rpart,5,1067,16,HB-TE
546,rbv2_rpart,5,1067,17,HB-TE
547,rbv2_rpart,5,1457,0,HB-SH
548,rbv2_rpart,5,1457,1,HB-TE
549,rbv2_rpart,5,1457,3,HB-SH
550,rbv2_rpart,5,1457,7,HB-SH
551,rbv2_rpart,5,1457,8,HB-SH
552,rbv2_rpart,5,1457,11,HB-TE
553,rbv2_rpart,5,1457,18,HB-TE
554,rbv2_rpart,5,1462,11,HB-TE
555,rbv2_rpart,5,1464,3,HB-SH
556,rbv2_rpart,5,1464,12,HB-TE
557,rbv2_rpart,5,1478,12,HB-SH
558,rbv2_rpart,5,1478,14,HB-SH
559,rbv2_rpart,5,1485,13,HB-SH
560,rbv2_rpart,5,1486,10,HB-SH
561,rbv2_rpart,5,1486,15,HB-SH
562,rbv2_rpart,5,1486,17,HB-SH
563,rbv2_rpart,5,1486,18,HB-SH
564,rbv2_rpart,5,1494,0,HB-SH
565,rbv2_rpart,5,1494,2,HB-SH
566,rbv2_rpart,5,1494,5,HB-SH
567,rbv2_rpart,5,1494,9,HB-SH
568,rbv2_rpart,5,1494,10,HB-SH
569,rbv2_rpart,5,1494,18,HB-SH
570,rbv2_rpart,5,1494,19,HB-SH
571,rbv2_rpart,5,1497,1,HB-SH
572,rbv2_rpart,5,1497,3,HB-SH
573,rbv2_rpart,5,1497,9,HB-SH
574,rbv2_rpart,5,1497,13,HB-SH
575,rbv2_rpart,5,1497,17,HB-TE
576,rbv2_rpart,5,1497,18,HB-TE
577,rbv2_rpart,5,1510,2,HB-SH
578,rbv2_rpart,5,1510,10,HB-SH
579,rbv2_rpart,5,1510,16,HB-TE
580,rbv2_rpart,5,1515,16,HB-TE
581,rbv2_rpart,5,1590,2,HB-TE
582,rbv2_rpart,5,1590,3,HB-TE
583,rbv2_rpart,5,1590,9,HB-TE
584,rbv2_rpart,5,1590,13,HB-TE
585,rbv2_rpart,5,1590,14,HB-TE
586,rbv2_rpart,5,1590,15,HB-TE
587,rbv2_rpart,5,1590,16,HB-TE
588,rbv2_rpart,5,1590,19,HB-TE
589,rbv2_rpart,5,4538,1,HB-TE
590,rbv2_rpart,5,4541,12,HB-SH
591,rbv2_rpart,5,4541,18,HB-TE
592,rbv2_rpart,5,6332,11,HB-TE
593,rbv2_rpart,5,23512,18,HB-SH
594,rbv2_rpart,5,40499,3,HB-SH
595,rbv2_rpart,5,40499,4,HB-SH
596,rbv2_rpart,5,40499,6,HB-SH
597,rbv2_rpart,5,40499,7,HB-TE
598,rbv2_rpart,5,40499,12,HB-SH
599,rbv2_rpart,5,40499,13,HB-SH
600,rbv2_rpart,5,40499,17,HB-SH
601,rbv2_rpart,5,40536,5,HB-TE
602,rbv2_rpart,5,40536,8,HB-TE
603,rbv2_rpart,5,40536,9,HB-SH
604,rbv2_rpart,5,40536,11,HB-TE
605,rbv2_rpart,5,40536,13,HB-SH
606,rbv2_rpart,5,40536,16,HB-TE
607,rbv2_rpart,5,40668,8,HB-SH
608,rbv2_rpart,5,40668,12,HB-SH
609,rbv2_rpart,5,40670,3,HB-SH
610,rbv2_rpart,5,40670,11,HB-SH
611,rbv2_rpart,5,40670,13,HB-SH
612,rbv2_rpart,5,40670,14,HB-SH
613,rbv2_rpart,5,40670,15,HB-TE
614,rbv2_rpart,5,40670,16,HB-TE
615,rbv2_rpart,5,40670,19,HB-TE
616,rbv2_rpart,5,40701,0,HB-TE
617,rbv2_rpart,5,40701,8,HB-SH
618,rbv2_rpart,5,40923,2,HB-TE
619,rbv2_rpart,5,40923,4,HB-TE
620,rbv2_rpart,5,40923,6,HB-SH
621,rbv2_rpart,5,40923,9,HB-TE
622,rbv2_rpart,5,40923,11,HB-TE
623,rbv2_rpart,5,40923,19,HB-TE
624,rbv2_rpart,5,40927,0,HB-TE
625,rbv2_rpart,5,40927,6,HB-TE
626,rbv2_rpart,5,40927,14,HB-TE
627,rbv2_rpart,5,40927,18,HB-SH
628,rbv2_rpart,5,40975,14,HB-SH
629,rbv2_rpart,5,40978,19,HB-TE
630,rbv2_rpart,5,40979,1,HB-SH
631,rbv2_rpart,5,40979,2,HB-SH
632,rbv2_rpart,5,40979,3,HB-SH
633,rbv2_rpart,5,40979,8,HB-TE
634,rbv2_rpart,5,40979,15,HB-TE
635,rbv2_rpart,5,40979,18,HB-SH
636,rbv2_rpart,5,40981,2,HB-SH
637,rbv2_rpart,5,41027,8,HB-SH
638,rbv2_rpart,5,41027,9,HB-SH
639,rbv2_rpart,5,41027,15,HB-SH
640,rbv2_rpart,5,41143,16,HB-TE
641,rbv2_rpart,5,41156,12,HB-TE
642,rbv2_rpart,5,41156,14,HB-TE
643,rbv2_rpart,5,41165,3,HB-SH
644,rbv2_rpart,5,41165,10,HB-TE
645,rbv2_rpart,5,41165,16,HB-SH
646,rbv2_rpart,5,41169,17,HB-TE
647,rbv2_rpart,5,41212,18,HB-TE
648,rbv2_svm,6,14,13,HB-TE
649,rbv2_svm,6,14,17,HB-TE
650,rbv2_svm,6,15,4,HB-SH
651,rbv2_svm,6,15,13,HB-SH
652,rbv2_svm,6,18,2,HB-TE
653,rbv2_svm,6,18,4,HB-SH
654,rbv2_svm,6,18,9,HB-SH
655,rbv2_svm,6,18,14,HB-SH
656,rbv2_svm,6,18,15,HB-TE
657,rbv2_svm,6,22,7,HB-SH
658,rbv2_svm,6,23,6,HB-SH
659,rbv2_svm,6,23,8,HB-SH
660,rbv2_svm,6,23,9,HB-SH
661,rbv2_svm,6,23,11,HB-SH
662,rbv2_svm,6,23,14,HB-SH
663,rbv2_svm,6,23,17,HB-SH
664,rbv2_svm,6,23,18,HB-SH
665,rbv2_svm,6,24,1,HB-SH
666,rbv2_svm,6,24,11,HB-TE
667,rbv2_svm,6,24,16,HB-TE
668,rbv2_svm,6,28,9,HB-SH
669,rbv2_svm,6,29,1,HB-SH
670,rbv2_svm,6,29,3,HB-TE
671,rbv2_svm,6,29,15,HB-TE
672,rbv2_svm,6,29,17,HB-TE
673,rbv2_svm,6,32,0,HB-TE
674,rbv2_svm,6,32,3,HB-TE
675,rbv2_svm,6,32,9,HB-SH
676,rbv2_svm,6,32,10,HB-TE
677,rbv2_svm,6,32,13,HB-TE
678,rbv2_svm,6,42,5,HB-TE
679,rbv2_svm,6,42,12,HB-TE
680,rbv2_svm,6,42,13,HB-SH
681,rbv2_svm,6,42,18,HB-SH
682,rbv2_svm,6,44,17,HB-TE
683,rbv2_svm,6,46,5,HB-SH
684,rbv2_svm,6,46,7,HB-SH
685,rbv2_svm,6,46,8,HB-TE
686,rbv2_svm,6,46,13,HB-TE
687,rbv2_svm,6,46,14,HB-TE
688,rbv2_svm,6,50,0,HB-SH
689,rbv2_svm,6,50,12,HB-SH
690,rbv2_svm,6,50,19,HB-TE
691,rbv2_svm,6,60,3,HB-SH
692,rbv2_svm,6,60,5,HB-TE
693,rbv2_svm,6,60,11,HB-SH
694,rbv2_svm,6,60,15,HB-TE
695,rbv2_svm,6,60,17,HB-SH
696,rbv2_svm,6,60,19,HB-TE
697,rbv2_svm,6,151,3,HB-SH
698,rbv2_svm,6,181,16,HB-SH
699,rbv2_svm,6,182,0,HB-SH
700,rbv2_svm,6,182,19,HB-SH
701,rbv2_svm,6,188,6,HB-SH
702,rbv2_svm,6,188,8,HB-SH
703,rbv2_svm,6,188,9,HB-TE
704,rbv2_svm,6,188,10,HB-SH
705,rbv2_svm,6,188,13,HB-SH
706,rbv2_svm,6,188,15,HB-SH
707,rbv2_svm,6,312,0,HB-SH
708,rbv2_svm,6,312,3,HB-TE
709,rbv2_svm,6,312,4,HB-SH
710,rbv2_svm,6,312,5,HB-TE
711,rbv2_svm,6,312,9,HB-TE
712,rbv2_svm,6,312,13,HB-TE
713,rbv2_svm,6,375,0,HB-TE
714,rbv2_svm,6,375,8,HB-TE
715,rbv2_svm,6,375,10,HB-SH
716,rbv2_svm,6,375,12,HB-SH
717,rbv2_svm,6,470,2,HB-SH
718,rbv2_svm,6,470,13,HB-SH
719,rbv2_svm,6,470,14,HB-SH
720,rbv2_svm,6,1040,11,HB-SH
721,rbv2_svm,6,1049,3,HB-SH
722,rbv2_svm,6,1049,7,HB-SH
723,rbv2_svm,6,1053,1,HB-TE
724,rbv2_svm,6,1053,3,HB-TE
725,rbv2_svm,6,1053,16,HB-SH
726,rbv2_svm,6,1053,17,HB-SH
727,rbv2_svm,6,1053,19,HB-TE
728,rbv2_svm,6,1063,2,HB-TE
729,rbv2_svm,6,1063,18,HB-TE
730,rbv2_svm,6,1111,15,HB-TE
731,rbv2_svm,6,1220,17,HB-TE
732,rbv2_svm,6,1461,9,HB-SH
733,rbv2_svm,6,1462,0,HB-TE
734,rbv2_svm,6,1462,1,HB-TE
735,rbv2_svm,6,1462,3,HB-TE
736,rbv2_svm,6,1462,8,HB-TE
737,rbv2_svm,6,1462,11,HB-TE
738,rbv2_svm,6,1462,12,HB-TE
739,rbv2_svm,6,1462,13,HB-TE
740,rbv2_svm,6,1462,14,HB-TE
741,rbv2_svm,6,1462,16,HB-TE
742,rbv2_svm,6,1462,17,HB-TE
743,rbv2_svm,6,1462,19,HB-TE
744,rbv2_svm,6,1468,2,HB-TE
745,rbv2_svm,6,1468,3,HB-TE
746,rbv2_svm,6,1468,4,HB-TE
747,rbv2_svm,6,1468,12,HB-TE
748,rbv2_svm,6,1468,13,HB-TE
749,rbv2_svm,6,1468,16,HB-TE
750,rbv2_svm,6,1468,17,HB-SH
751,rbv2_svm,6,1475,11,HB-TE
752,rbv2_svm,6,1476,5,HB-TE
753,rbv2_svm,6,1476,14,HB-TE
754,rbv2_svm,6,1485,9,HB-TE
755,rbv2_svm,6,1486,4,HB-SH
756,rbv2_svm,6,1486,9,HB-TE
757,rbv2_svm,6,1486,11,HB-SH
758,rbv2_svm,6,1486,12,HB-TE
759,rbv2_svm,6,1486,15,HB-SH
760,rbv2_svm,6,1489,4,HB-TE
761,rbv2_svm,6,1497,8,HB-TE
762,rbv2_svm,6,1510,2,HB-TE
763,rbv2_svm,6,1510,5,HB-SH
764,rbv2_svm,6,1510,11,HB-TE
765,rbv2_svm,6,1510,12,HB-TE
766,rbv2_svm,6,4134,2,HB-SH
767,rbv2_svm,6,4134,5,HB-SH
768,rbv2_svm,6,4134,6,HB-SH
769,rbv2_svm,6,4134,9,HB-SH
770,rbv2_svm,6,4134,17,HB-SH
771,rbv2_svm,6,4134,18,HB-TE
772,rbv2_svm,6,4135,0,HB-SH
773,rbv2_svm,6,4135,19,HB-TE
774,rbv2_svm,6,4534,4,HB-TE
775,rbv2_svm,6,4534,5,HB-SH
776,rbv2_svm,6,4534,10,HB-TE
777,rbv2_svm,6,6332,2,HB-SH
778,rbv2_svm,6,6332,3,HB-TE
779,rbv2_svm,6,6332,5,HB-SH
780,rbv2_svm,6,6332,11,HB-TE
781,rbv2_svm,6,23381,2,HB-TE
782,rbv2_svm,6,40496,18,HB-SH
783,rbv2_svm,6,40668,10,HB-TE
784,rbv2_svm,6,40668,15,HB-TE
785,rbv2_svm,6,40670,2,HB-TE
786,rbv2_svm,6,40670,5,HB-TE
787,rbv2_svm,6,40670,10,HB-TE
788,rbv2_svm,6,40670,13,HB-TE
789,rbv2_svm,6,40670,16,HB-TE
790,rbv2_svm,6,40966,3,HB-SH
791,rbv2_svm,6,40966,6,HB-TE
792,rbv2_svm,6,40966,8,HB-SH
793,rbv2_svm,6,40966,13,HB-SH
794,rbv2_svm,6,40966,14,HB-SH
795,rbv2_svm,6,40966,17,HB-SH
796,rbv2_svm,6,40966,18,HB-SH
797,rbv2_svm,6,40966,19,HB-TE
798,rbv2_svm,6,40975,10,HB-SH
799,rbv2_svm,6,40975,11,HB-SH
800,rbv2_svm,6,40975,13,HB-SH
801,rbv2_svm,6,40975,15,HB-SH
802,rbv2_svm,6,40975,16,HB-SH
803,rbv2_svm,6,40978,0,HB-TE
804,rbv2_svm,6,40978,2,HB-TE
805,rbv2_svm,6,40978,14,HB-SH
806,rbv2_svm,6,40978,16,HB-TE
807,rbv2_svm,6,40978,18,HB-TE
808,rbv2_svm,6,40981,0,HB-SH
809,rbv2_svm,6,40981,1,HB-SH
810,rbv2_svm,6,40981,3,HB-SH
811,rbv2_svm,6,40981,5,HB-SH
812,rbv2_svm,6,40981,6,HB-SH
813,rbv2_svm,6,40981,9,HB-SH
814,rbv2_svm,6,40981,10,HB-SH
815,rbv2_svm,6,40981,12,HB-SH
816,rbv2_svm,6,40981,13,HB-SH
817,rbv2_svm,6,40981,14,HB-SH
818,rbv2_svm,6,40981,15,HB-SH
819,rbv2_svm,6,40981,16,HB-SH
820,rbv2_svm,6,40981,17,HB-SH
821,rbv2_svm,6,40981,19,HB-SH
822,rbv2_svm,6,40982,1,HB-TE
823,rbv2_svm,6,40982,5,HB-TE
824,rbv2_svm,6,40982,10,HB-TE
825,rbv2_svm,6,40983,0,HB-TE
826,rbv2_svm,6,40984,1,HB-TE
827,rbv2_svm,6,40984,7,HB-TE
828,rbv2_svm,6,40994,2,HB-SH
829,rbv2_svm,6,40994,15,HB-SH
830,rbv2_svm,6,41143,0,HB-SH
831,rbv2_svm,6,41143,3,HB-SH
832,rbv2_svm,6,41143,8,HB-SH
833,rbv2_svm,6,41146,0,HB-TE
834,rbv2_svm,6,41146,3,HB-SH
835,rbv2_svm,6,41146,4,HB-TE
836,rbv2_svm,6,41146,9,HB-SH
837,rbv2_svm,6,41146,13,HB-TE
838,rbv2_svm,6,41156,7,HB-TE
839,rbv2_svm,6,41163,0,HB-SH
840,rbv2_svm,6,41163,16,HB-TE
841,rbv2_svm,6,41164,2,HB-TE
842,rbv2_svm,6,41164,3,HB-SH
843,rbv2_svm,6,41164,5,HB-TE
844,rbv2_svm,6,41164,6,HB-TE
845,rbv2_svm,6,41169,10,HB-TE
846,rbv2_svm,6,41169,13,HB-SH
847,rbv2_svm,6,41212,1,HB-SH
848,rbv2_svm,6,41212,6,HB-SH
849,rbv2_svm,6,41212,10,HB-TE
850,rbv2_svm,6,41212,14,HB-TE
851,rbv2_svm,6,41212,15,HB-TE
852,rbv2_svm,6,41212,17,HB-TE
853,rbv2_xgboost,14,6,0,HB-TE
854,rbv2_xgboost,14,12,8,HB-SH
855,rbv2_xgboost,14,12,14,HB-SH
856,rbv2_xgboost,14,12,18,HB-SH
857,rbv2_xgboost,14,31,8,HB-TE
858,rbv2_xgboost,14,31,9,HB-SH
859,rbv2_xgboost,14,31,15,HB-TE
860,rbv2_xgboost,14,32,8,HB-SH
861,rbv2_xgboost,14,32,10,HB-TE
862,rbv2_xgboost,14,32,16,HB-TE
863,rbv2_xgboost,14,151,0,HB-TE
864,rbv2_xgboost,14,151,10,HB-TE
865,rbv2_xgboost,14,151,11,HB-TE
866,rbv2_xgboost,14,300,3,HB-TE
867,rbv2_xgboost,14,300,7,HB-TE
868,rbv2_xgboost,14,300,11,HB-TE
869,rbv2_xgboost,14,300,12,HB-TE
870,rbv2_xgboost,14,300,15,HB-TE
871,rbv2_xgboost,14,300,19,HB-TE
872,rbv2_xgboost,14,334,9,HB-TE
873,rbv2_xgboost,14,554,13,HB-TE
874,rbv2_xgboost,14,554,16,HB-TE
875,rbv2_xgboost,14,1049,1,HB-SH
876,rbv2_xgboost,14,1049,10,HB-TE
877,rbv2_xgboost,14,1049,11,HB-SH
878,rbv2_xgboost,14,1049,16,HB-SH
879,rbv2_xgboost,14,1067,1,HB-TE
880,rbv2_xgboost,14,1067,2,HB-SH
881,rbv2_xgboost,14,1067,4,HB-SH
882,rbv2_xgboost,14,1067,6,HB-SH
883,rbv2_xgboost,14,1067,7,HB-SH
884,rbv2_xgboost,14,1068,0,HB-TE
885,rbv2_xgboost,14,1068,1,HB-TE
886,rbv2_xgboost,14,1068,5,HB-SH
887,rbv2_xgboost,14,1068,6,HB-TE
888,rbv2_xgboost,14,1068,9,HB-TE
889,rbv2_xgboost,14,1068,14,HB-TE
890,rbv2_xgboost,14,1068,15,HB-SH
891,rbv2_xgboost,14,1068,16,HB-TE
892,rbv2_xgboost,14,1068,18,HB-SH
893,rbv2_xgboost,14,1464,0,HB-SH
894,rbv2_xgboost,14,1464,6,HB-SH
895,rbv2_xgboost,14,1464,11,HB-TE
896,rbv2_xgboost,14,1480,9,HB-TE
897,rbv2_xgboost,14,1487,0,HB-TE
898,rbv2_xgboost,14,1487,11,HB-SH
899,rbv2_xgboost,14,1487,14,HB-SH
900,rbv2_xgboost,14,1497,1,HB-TE
901,rbv2_xgboost,14,1497,11,HB-TE
902,rbv2_xgboost,14,1497,14,HB-TE
903,rbv2_xgboost,14,1497,17,HB-TE
904,rbv2_xgboost,14,1515,3,HB-TE
905,rbv2_xgboost,14,1515,13,HB-TE
906,rbv2_xgboost,14,4541,18,HB-SH
907,rbv2_xgboost,14,4541,19,HB-TE
908,rbv2_xgboost,14,23512,6,HB-TE
909,rbv2_xgboost,14,23512,7,HB-TE
910,rbv2_xgboost,14,23512,11,HB-TE
911,rbv2_xgboost,14,23512,12,HB-TE
912,rbv2_xgboost,14,23512,15,HB-TE
913,rbv2_xgboost,14,23512,16,HB-TE
914,rbv2_xgboost,14,23512,18,HB-TE
915,rbv2_xgboost,14,40668,1,HB-TE
916,rbv2_xgboost,14,40668,4,HB-TE
917,rbv2_xgboost,14,40668,9,HB-TE
918,rbv2_xgboost,14,40668,10,HB-TE
919,rbv2_xgboost,14,40668,11,HB-TE
920,rbv2_xgboost,14,40668,12,HB-TE
921,rbv2_xgboost,14,40668,15,HB-TE
922,rbv2_xgboost,14,40668,16,HB-TE
923,rbv2_xgboost,14,40668,17,HB-TE
924,rbv2_xgboost,14,40668,19,HB-SH
925,rbv2_xgboost,14,40685,5,HB-TE
926,rbv2_xgboost,14,40685,8,HB-TE
927,rbv2_xgboost,14,40685,11,HB-TE
928,rbv2_xgboost,14,40685,16,HB-TE
929,rbv2_xgboost,14,40685,18,HB-TE
930,rbv2_xgboost,14,40685,19,HB-TE
931,rbv2_xgboost,14,40994,2,HB-TE
932,rbv2_xgboost,14,40996,0,HB-TE
933,rbv2_xgboost,14,40996,7,HB-TE
934,rbv2_xgboost,14,40996,15,HB-TE
935,rbv2_xgboost,14,40996,18,HB-TE
936,rbv2_xgboost,14,41138,1,HB-SH
937,rbv2_xgboost,14,41138,2,HB-SH
938,rbv2_xgboost,14,41138,5,HB-SH
939,rbv2_xgboost,14,41138,7,HB-SH
940,rbv2_xgboost,14,41138,8,HB-SH
941,rbv2_xgboost,14,41138,14,HB-SH
942,rbv2_xgboost,14,41138,16,HB-TE
943,rbv2_xgboost,14,41138,19,HB-SH
944,rbv2_xgboost,14,41143,0,HB-TE
945,rbv2_xgboost,14,41143,11,HB-TE
946,rbv2_xgboost,14,41143,13,HB-TE
947,rbv2_xgboost,14,41143,14,HB-SH
948,rbv2_xgboost,14,41143,18,HB-TE
949,rbv2_xgboost,14,41143,19,HB-TE
950,rbv2_xgboost,14,41161,1,HB-TE
951,rbv2_xgboost,14,41161,3,HB-TE
952,rbv2_xgboost,14,41161,6,HB-TE
953,rbv2_xgboost,14,41161,7,HB-TE
954,rbv2_xgboost,14,41161,8,HB-TE
955,rbv2_xgboost,14,41161,9,HB-TE
956,rbv2_xgboost,14,41161,12,HB-TE
957,rbv2_xgboost,14,41161,13,HB-TE
958,rbv2_xgboost,14,41161,14,HB-TE
959,rbv2_xgboost,14,41161,15,HB-TE
960,rbv2_xgboost,14,41161,17,HB-TE
961,rbv2_xgboost,14,41161,18,HB-TE
962,rbv2_xgboost,14,41161,19,HB-TE
963,rbv2_xgboost,14,41162,0,HB-TE
964,rbv2_xgboost,14,41162,1,HB-TE
965,rbv2_xgboost,14,41162,5,HB-TE
966,rbv2_xgboost,14,41162,12,HB-TE
967,rbv2_xgboost,14,41166,5,HB-TE
968,rbv2_xgboost,14,41166,11,HB-SH
969,rbv2_xgboost,14,41166,16,HB-TE
970,rbv2_xgboost,14,41166,19,HB-SH
971,rbv2_xgboost,14,41168,10,HB-TE
972,rbv2_xgboost,14,41168,14,HB-SH
973,rbv2_xgboost,14,41278,0,HB-SH
974,rbv2_xgboost,14,41278,15,HB-SH
975,rbv2_xgboost,14,41278,19,HB-SH
