"bench","solver","instance","ert"
"rbv2_xgboost","RS",16,280000
"rbv2_xgboost","EA",16,1337.2
"rbv2_xgboost","OP",16,280000
"rbv2_xgboost","SM",16,1246.6
"rbv2_xgboost","RS",40923,6.75
"rbv2_xgboost","EA",40923,1.45
"rbv2_xgboost","OP",40923,1.25
"rbv2_xgboost","SM",40923,1.4
"rbv2_xgboost","RS",41143,280000
"rbv2_xgboost","EA",41143,1339.9
"rbv2_xgboost","OP",41143,280000
"rbv2_xgboost","SM",41143,280000
"rbv2_xgboost","RS",470,987.8
"rbv2_xgboost","EA",470,280000
"rbv2_xgboost","OP",470,280000
"rbv2_xgboost","SM",470,1312.15
"rbv2_xgboost","RS",1487,280000
"rbv2_xgboost","EA",1487,1367.85
"rbv2_xgboost","OP",1487,280000
"rbv2_xgboost","SM",1487,1359.25
"rbv2_xgboost","RS",40499,234.5
"rbv2_xgboost","EA",40499,291.65
"rbv2_xgboost","OP",40499,250.25
"rbv2_xgboost","SM",40499,42.45
"rbv2_xgboost","RS",40966,280000
"rbv2_xgboost","EA",40966,1379.75
"rbv2_xgboost","OP",40966,280000
"rbv2_xgboost","SM",40966,1323.9
"rbv2_xgboost","RS",41164,234.7
"rbv2_xgboost","EA",41164,52.4
"rbv2_xgboost","OP",41164,48.3
"rbv2_xgboost","SM",41164,30.65
"rbv2_xgboost","RS",1497,280000
"rbv2_xgboost","EA",1497,1288.15
"rbv2_xgboost","OP",1497,1190.65
"rbv2_xgboost","SM",1497,1257.45
"rbv2_xgboost","RS",40975,280000
"rbv2_xgboost","EA",40975,280000
"rbv2_xgboost","OP",40975,280000
"rbv2_xgboost","SM",40975,1211.6
"rbv2_xgboost","RS",1461,501.45
"rbv2_xgboost","EA",1461,180.2
"rbv2_xgboost","OP",1461,134.1
"rbv2_xgboost","SM",1461,109.15
"rbv2_xgboost","RS",41278,48.55
"rbv2_xgboost","EA",41278,12.8
"rbv2_xgboost","OP",41278,9.8
"rbv2_xgboost","SM",41278,8.65
"rbv2_xgboost","RS",11,280000
"rbv2_xgboost","EA",11,280000
"rbv2_xgboost","OP",11,280000
"rbv2_xgboost","SM",11,1311.55
"rbv2_xgboost","RS",54,280000
"rbv2_xgboost","EA",54,280000
"rbv2_xgboost","OP",54,280000
"rbv2_xgboost","SM",54,1261.25
"rbv2_xgboost","RS",300,27.25
"rbv2_xgboost","EA",300,9.2
"rbv2_xgboost","OP",300,4.85
"rbv2_xgboost","SM",300,7.35
"rbv2_xgboost","RS",40984,280000
"rbv2_xgboost","EA",40984,280000
"rbv2_xgboost","OP",40984,280000
"rbv2_xgboost","SM",40984,1279.6
"rbv2_xgboost","RS",31,19.45
"rbv2_xgboost","EA",31,280000
"rbv2_xgboost","OP",31,280000
"rbv2_xgboost","SM",31,280000
"rbv2_xgboost","RS",1067,986.35
"rbv2_xgboost","EA",1067,1362.3
"rbv2_xgboost","OP",1067,280000
"rbv2_xgboost","SM",1067,1351.5
"rbv2_xgboost","RS",1590,280000
"rbv2_xgboost","EA",1590,797.55
"rbv2_xgboost","OP",1590,623.95
"rbv2_xgboost","SM",1590,248.35
"rbv2_xgboost","RS",40983,280000
"rbv2_xgboost","EA",40983,280000
"rbv2_xgboost","OP",40983,280000
"rbv2_xgboost","SM",40983,1266
"rbv2_xgboost","RS",41163,158.7
"rbv2_xgboost","EA",41163,144.75
"rbv2_xgboost","OP",41163,51.7
"rbv2_xgboost","SM",41163,25.05
"rbv2_xgboost","RS",41165,20.3
"rbv2_xgboost","EA",41165,4.5
"rbv2_xgboost","OP",41165,4
"rbv2_xgboost","SM",41165,4.85
"rbv2_xgboost","RS",182,570
"rbv2_xgboost","EA",182,452.6
"rbv2_xgboost","OP",182,232.95
"rbv2_xgboost","SM",182,98
"rbv2_xgboost","RS",1220,1210.95
"rbv2_xgboost","EA",1220,392.95
"rbv2_xgboost","OP",1220,412.75
"rbv2_xgboost","SM",1220,140.55
"rbv2_xgboost","RS",41159,699.1
"rbv2_xgboost","EA",41159,201.9
"rbv2_xgboost","OP",41159,183.55
"rbv2_xgboost","SM",41159,136.9
"rbv2_xgboost","RS",41169,10.85
"rbv2_xgboost","EA",41169,2.75
"rbv2_xgboost","OP",41169,2.45
"rbv2_xgboost","SM",41169,2.6
"rbv2_xgboost","RS",42,1316.05
"rbv2_xgboost","EA",42,170.4
"rbv2_xgboost","OP",42,118.3
"rbv2_xgboost","SM",42,145.75
"rbv2_xgboost","RS",188,280000
"rbv2_xgboost","EA",188,280000
"rbv2_xgboost","OP",188,280000
"rbv2_xgboost","SM",188,1261.8
"rbv2_xgboost","RS",1457,20.6
"rbv2_xgboost","EA",1457,4.65
"rbv2_xgboost","OP",1457,4.25
"rbv2_xgboost","SM",1457,5.3
"rbv2_xgboost","RS",1480,27.6
"rbv2_xgboost","EA",1480,280000
"rbv2_xgboost","OP",1480,280000
"rbv2_xgboost","SM",1480,1375.2
"rbv2_xgboost","RS",6332,280000
"rbv2_xgboost","EA",6332,280000
"rbv2_xgboost","OP",6332,280000
"rbv2_xgboost","SM",6332,1268.9
"rbv2_xgboost","RS",181,280000
"rbv2_xgboost","EA",181,754.1
"rbv2_xgboost","OP",181,1307.75
"rbv2_xgboost","SM",181,446.85
"rbv2_xgboost","RS",1479,280000
"rbv2_xgboost","EA",1479,1392.4
"rbv2_xgboost","OP",1479,280000
"rbv2_xgboost","SM",1479,1292.6
"rbv2_xgboost","RS",40670,280000
"rbv2_xgboost","EA",40670,280000
"rbv2_xgboost","OP",40670,280000
"rbv2_xgboost","SM",40670,1259.7
"rbv2_xgboost","RS",40536,280000
"rbv2_xgboost","EA",40536,1386.05
"rbv2_xgboost","OP",40536,280000
"rbv2_xgboost","SM",40536,1269.15
"rbv2_xgboost","RS",41138,364.2
"rbv2_xgboost","EA",41138,124.9
"rbv2_xgboost","OP",41138,62.05
"rbv2_xgboost","SM",41138,90.8
"rbv2_xgboost","RS",41166,21.95
"rbv2_xgboost","EA",41166,7.75
"rbv2_xgboost","OP",41166,7
"rbv2_xgboost","SM",41166,7.05
"rbv2_xgboost","RS",6,25.4
"rbv2_xgboost","EA",6,9.6
"rbv2_xgboost","OP",6,7.8
"rbv2_xgboost","SM",6,6.95
"rbv2_xgboost","RS",14,280000
"rbv2_xgboost","EA",14,1388.85
"rbv2_xgboost","OP",14,280000
"rbv2_xgboost","SM",14,1324.75
"rbv2_xgboost","RS",29,280000
"rbv2_xgboost","EA",29,280000
"rbv2_xgboost","OP",29,280000
"rbv2_xgboost","SM",29,1249.7
"rbv2_xgboost","RS",458,280000
"rbv2_xgboost","EA",458,1395.85
"rbv2_xgboost","OP",458,280000
"rbv2_xgboost","SM",458,1211.35
"rbv2_xgboost","RS",1056,280000
"rbv2_xgboost","EA",1056,280000
"rbv2_xgboost","OP",1056,280000
"rbv2_xgboost","SM",1056,1236.1
"rbv2_xgboost","RS",1462,280000
"rbv2_xgboost","EA",1462,1397.25
"rbv2_xgboost","OP",1462,280000
"rbv2_xgboost","SM",1462,1254.55
"rbv2_xgboost","RS",1494,280000
"rbv2_xgboost","EA",1494,1393.1
"rbv2_xgboost","OP",1494,280000
"rbv2_xgboost","SM",1494,1300.9
"rbv2_xgboost","RS",40701,280000
"rbv2_xgboost","EA",40701,280000
"rbv2_xgboost","OP",40701,280000
"rbv2_xgboost","SM",40701,1248.2
"rbv2_xgboost","RS",12,280000
"rbv2_xgboost","EA",12,1216.2
"rbv2_xgboost","OP",12,280000
"rbv2_xgboost","SM",12,280000
"rbv2_xgboost","RS",1493,29.6
"rbv2_xgboost","EA",1493,8.4
"rbv2_xgboost","OP",1493,5.3
"rbv2_xgboost","SM",1493,6.85
"rbv2_xgboost","RS",44,280000
"rbv2_xgboost","EA",44,280000
"rbv2_xgboost","OP",44,280000
"rbv2_xgboost","SM",44,1244.9
"rbv2_xgboost","RS",307,280000
"rbv2_xgboost","EA",307,1354.65
"rbv2_xgboost","OP",307,280000
"rbv2_xgboost","SM",307,1343.55
"rbv2_xgboost","RS",334,872
"rbv2_xgboost","EA",334,280000
"rbv2_xgboost","OP",334,280000
"rbv2_xgboost","SM",334,1284.35
"rbv2_xgboost","RS",40982,280000
"rbv2_xgboost","EA",40982,280000
"rbv2_xgboost","OP",40982,280000
"rbv2_xgboost","SM",40982,1274.75
"rbv2_xgboost","RS",41142,280000
"rbv2_xgboost","EA",41142,280000
"rbv2_xgboost","OP",41142,280000
"rbv2_xgboost","SM",41142,1278.3
"rbv2_xgboost","RS",38,280000
"rbv2_xgboost","EA",38,1379.05
"rbv2_xgboost","OP",38,280000
"rbv2_xgboost","SM",38,1274.2
"rbv2_xgboost","RS",1050,280000
"rbv2_xgboost","EA",1050,1374.85
"rbv2_xgboost","OP",1050,280000
"rbv2_xgboost","SM",1050,1325.1
"rbv2_xgboost","RS",469,280000
"rbv2_xgboost","EA",469,280000
"rbv2_xgboost","OP",469,280000
"rbv2_xgboost","SM",469,1181.7
"rbv2_xgboost","RS",23381,280000
"rbv2_xgboost","EA",23381,1384.7
"rbv2_xgboost","OP",23381,280000
"rbv2_xgboost","SM",23381,1302.35
"rbv2_xgboost","RS",41157,280000
"rbv2_xgboost","EA",41157,1358.15
"rbv2_xgboost","OP",41157,280000
"rbv2_xgboost","SM",41157,1365.8
"rbv2_xgboost","RS",15,280000
"rbv2_xgboost","EA",15,280000
"rbv2_xgboost","OP",15,280000
"rbv2_xgboost","SM",15,1284.5
"rbv2_xgboost","RS",4541,31.1
"rbv2_xgboost","EA",4541,9.35
"rbv2_xgboost","OP",4541,6.8
"rbv2_xgboost","SM",4541,7.45
"rbv2_xgboost","RS",23,280000
"rbv2_xgboost","EA",23,280000
"rbv2_xgboost","OP",23,280000
"rbv2_xgboost","SM",23,1235.35
"rbv2_xgboost","RS",4134,280000
"rbv2_xgboost","EA",4134,280000
"rbv2_xgboost","OP",4134,280000
"rbv2_xgboost","SM",4134,1204.35
"rbv2_xgboost","RS",40927,8.65
"rbv2_xgboost","EA",40927,2.15
"rbv2_xgboost","OP",40927,2
"rbv2_xgboost","SM",40927,1.75
"rbv2_xgboost","RS",40981,280000
"rbv2_xgboost","EA",40981,280000
"rbv2_xgboost","OP",40981,280000
"rbv2_xgboost","SM",40981,1243.35
"rbv2_xgboost","RS",41156,280000
"rbv2_xgboost","EA",41156,280000
"rbv2_xgboost","OP",41156,280000
"rbv2_xgboost","SM",41156,1259.3
"rbv2_xgboost","RS",3,280000
"rbv2_xgboost","EA",3,280000
"rbv2_xgboost","OP",3,280000
"rbv2_xgboost","SM",3,1278.35
"rbv2_xgboost","RS",1049,280000
"rbv2_xgboost","EA",1049,280000
"rbv2_xgboost","OP",1049,280000
"rbv2_xgboost","SM",1049,1274.75
"rbv2_xgboost","RS",40900,280000
"rbv2_xgboost","EA",40900,280000
"rbv2_xgboost","OP",40900,280000
"rbv2_xgboost","SM",40900,1279
"rbv2_xgboost","RS",1063,280000
"rbv2_xgboost","EA",1063,1336.6
"rbv2_xgboost","OP",1063,280000
"rbv2_xgboost","SM",1063,1329.4
"rbv2_xgboost","RS",23512,277.55
"rbv2_xgboost","EA",23512,73.4
"rbv2_xgboost","OP",23512,28.1
"rbv2_xgboost","SM",23512,50.8
"rbv2_xgboost","RS",40979,280000
"rbv2_xgboost","EA",40979,1366.5
"rbv2_xgboost","OP",40979,280000
"rbv2_xgboost","SM",40979,1193.85
"rbv2_xgboost","RS",1040,280000
"rbv2_xgboost","EA",1040,1374.85
"rbv2_xgboost","OP",1040,280000
"rbv2_xgboost","SM",1040,1321.1
"rbv2_xgboost","RS",1068,1257.55
"rbv2_xgboost","EA",1068,280000
"rbv2_xgboost","OP",1068,280000
"rbv2_xgboost","SM",1068,1310.95
"rbv2_xgboost","RS",41161,278.65
"rbv2_xgboost","EA",41161,71.3
"rbv2_xgboost","OP",41161,87.55
"rbv2_xgboost","SM",41161,80.45
"rbv2_xgboost","RS",22,280000
"rbv2_xgboost","EA",22,1226.75
"rbv2_xgboost","OP",22,280000
"rbv2_xgboost","SM",22,873.5
"rbv2_xgboost","RS",1489,280000
"rbv2_xgboost","EA",1489,280000
"rbv2_xgboost","OP",1489,280000
"rbv2_xgboost","SM",1489,1249.4
"rbv2_xgboost","RS",41027,45.85
"rbv2_xgboost","EA",41027,19.45
"rbv2_xgboost","OP",41027,10.45
"rbv2_xgboost","SM",41027,8.35
"rbv2_xgboost","RS",24,280000
"rbv2_xgboost","EA",24,1323.25
"rbv2_xgboost","OP",24,280000
"rbv2_xgboost","SM",24,895.6
"rbv2_xgboost","RS",4135,1339.25
"rbv2_xgboost","EA",4135,1072.7
"rbv2_xgboost","OP",4135,744.65
"rbv2_xgboost","SM",4135,395.85
"rbv2_xgboost","RS",23517,675.65
"rbv2_xgboost","EA",23517,155
"rbv2_xgboost","OP",23517,46.7
"rbv2_xgboost","SM",23517,101.85
"rbv2_xgboost","RS",1053,280000
"rbv2_xgboost","EA",1053,1379.75
"rbv2_xgboost","OP",1053,280000
"rbv2_xgboost","SM",1053,1326.7
"rbv2_xgboost","RS",1468,280000
"rbv2_xgboost","EA",1468,1362.25
"rbv2_xgboost","OP",1468,280000
"rbv2_xgboost","SM",1468,1360.85
"rbv2_xgboost","RS",312,280000
"rbv2_xgboost","EA",312,280000
"rbv2_xgboost","OP",312,280000
"rbv2_xgboost","SM",312,1274.9
"rbv2_xgboost","RS",377,280000
"rbv2_xgboost","EA",377,280000
"rbv2_xgboost","OP",377,280000
"rbv2_xgboost","SM",377,1282.55
"rbv2_xgboost","RS",1515,280000
"rbv2_xgboost","EA",1515,1341.95
"rbv2_xgboost","OP",1515,1364.65
"rbv2_xgboost","SM",1515,280000
"rbv2_xgboost","RS",18,280000
"rbv2_xgboost","EA",18,1357.5
"rbv2_xgboost","OP",18,280000
"rbv2_xgboost","SM",18,982.15
"rbv2_xgboost","RS",1476,120.9
"rbv2_xgboost","EA",1476,162.35
"rbv2_xgboost","OP",1476,19.25
"rbv2_xgboost","SM",1476,16.85
"rbv2_xgboost","RS",1510,280000
"rbv2_xgboost","EA",1510,280000
"rbv2_xgboost","OP",1510,280000
"rbv2_xgboost","SM",1510,1278.85
"rbv2_xgboost","RS",41162,123.15
"rbv2_xgboost","EA",41162,56.15
"rbv2_xgboost","OP",41162,15.6
"rbv2_xgboost","SM",41162,16.95
"rbv2_xgboost","RS",28,228.7
"rbv2_xgboost","EA",28,128.65
"rbv2_xgboost","OP",28,244.65
"rbv2_xgboost","SM",28,42.55
"rbv2_xgboost","RS",375,153.2
"rbv2_xgboost","EA",375,178.35
"rbv2_xgboost","OP",375,27.55
"rbv2_xgboost","SM",375,26.55
"rbv2_xgboost","RS",1464,699.7
"rbv2_xgboost","EA",1464,1359.5
"rbv2_xgboost","OP",1464,280000
"rbv2_xgboost","SM",1464,1364.65
"rbv2_xgboost","RS",40685,25.5
"rbv2_xgboost","EA",40685,8.75
"rbv2_xgboost","OP",40685,5.55
"rbv2_xgboost","SM",40685,6.95
"rbv2_xgboost","RS",40996,15.6
"rbv2_xgboost","EA",40996,3.95
"rbv2_xgboost","OP",40996,5
"rbv2_xgboost","SM",40996,5.25
"rbv2_xgboost","RS",41146,280000
"rbv2_xgboost","EA",41146,1386.75
"rbv2_xgboost","OP",41146,280000
"rbv2_xgboost","SM",41146,1294.75
"rbv2_xgboost","RS",41216,42.35
"rbv2_xgboost","EA",41216,22.95
"rbv2_xgboost","OP",41216,9.75
"rbv2_xgboost","SM",41216,7.95
"rbv2_xgboost","RS",40668,40.25
"rbv2_xgboost","EA",40668,15.75
"rbv2_xgboost","OP",40668,7.4
"rbv2_xgboost","SM",40668,7.95
"rbv2_xgboost","RS",41212,280000
"rbv2_xgboost","EA",41212,280000
"rbv2_xgboost","OP",41212,280000
"rbv2_xgboost","SM",41212,1311.05
"rbv2_xgboost","RS",32,86.7
"rbv2_xgboost","EA",32,24.25
"rbv2_xgboost","OP",32,13.9
"rbv2_xgboost","SM",32,14.05
"rbv2_xgboost","RS",60,280000
"rbv2_xgboost","EA",60,1359.6
"rbv2_xgboost","OP",60,280000
"rbv2_xgboost","SM",60,921.6
"rbv2_xgboost","RS",4538,459.25
"rbv2_xgboost","EA",4538,221
"rbv2_xgboost","OP",4538,87
"rbv2_xgboost","SM",4538,69.9
"rbv2_xgboost","RS",40496,280000
"rbv2_xgboost","EA",40496,1360.2
"rbv2_xgboost","OP",40496,280000
"rbv2_xgboost","SM",40496,1351.7
"rbv2_xgboost","RS",41150,40.7
"rbv2_xgboost","EA",41150,15.6
"rbv2_xgboost","OP",41150,9.05
"rbv2_xgboost","SM",41150,8.75
"rbv2_xgboost","RS",37,280000
"rbv2_xgboost","EA",37,280000
"rbv2_xgboost","OP",37,280000
"rbv2_xgboost","SM",37,1313.4
"rbv2_xgboost","RS",46,280000
"rbv2_xgboost","EA",46,1382.55
"rbv2_xgboost","OP",46,280000
"rbv2_xgboost","SM",46,1326.55
"rbv2_xgboost","RS",554,15.6
"rbv2_xgboost","EA",554,4.05
"rbv2_xgboost","OP",554,3.35
"rbv2_xgboost","SM",554,5.25
"rbv2_xgboost","RS",1475,1203.1
"rbv2_xgboost","EA",1475,601.25
"rbv2_xgboost","OP",1475,743.2
"rbv2_xgboost","SM",1475,134
"rbv2_xgboost","RS",1485,280000
"rbv2_xgboost","EA",1485,280000
"rbv2_xgboost","OP",1485,280000
"rbv2_xgboost","SM",1485,1219.35
"rbv2_xgboost","RS",1501,280000
"rbv2_xgboost","EA",1501,1380.45
"rbv2_xgboost","OP",1501,280000
"rbv2_xgboost","SM",1501,1261.8
"rbv2_xgboost","RS",1111,283.6
"rbv2_xgboost","EA",1111,180.45
"rbv2_xgboost","OP",1111,215.5
"rbv2_xgboost","SM",1111,85.2
"rbv2_xgboost","RS",4534,280000
"rbv2_xgboost","EA",4534,1386.8
"rbv2_xgboost","OP",4534,280000
"rbv2_xgboost","SM",4534,1307.2
"rbv2_xgboost","RS",41168,28.4
"rbv2_xgboost","EA",41168,10.3
"rbv2_xgboost","OP",41168,8.15
"rbv2_xgboost","SM",41168,7.45
"rbv2_xgboost","RS",151,1293.05
"rbv2_xgboost","EA",151,284.5
"rbv2_xgboost","OP",151,100.85
"rbv2_xgboost","SM",151,161.15
"rbv2_xgboost","RS",4154,1336
"rbv2_xgboost","EA",4154,1197.55
"rbv2_xgboost","OP",4154,1298.95
"rbv2_xgboost","SM",4154,386.15
"rbv2_xgboost","RS",40978,280000
"rbv2_xgboost","EA",40978,280000
"rbv2_xgboost","OP",40978,280000
"rbv2_xgboost","SM",40978,1279.95
"rbv2_xgboost","RS",40994,280000
"rbv2_xgboost","EA",40994,280000
"rbv2_xgboost","OP",40994,280000
"rbv2_xgboost","SM",40994,1309.85
"rbv2_xgboost","RS",50,280000
"rbv2_xgboost","EA",50,1388.85
"rbv2_xgboost","OP",50,280000
"rbv2_xgboost","SM",50,1230.4
"rbv2_xgboost","RS",1478,146.35
"rbv2_xgboost","EA",1478,63.75
"rbv2_xgboost","OP",1478,62.05
"rbv2_xgboost","SM",1478,25.55
"rbv2_xgboost","RS",1486,1279.25
"rbv2_xgboost","EA",1486,351.65
"rbv2_xgboost","OP",1486,180.65
"rbv2_xgboost","SM",1486,170.95
"rbv2_xgboost","RS",40498,158.7
"rbv2_xgboost","EA",40498,42.95
"rbv2_xgboost","OP",40498,49.55
"rbv2_xgboost","SM",40498,30.55
"rbv2_aknn","RS",41138,120000
"rbv2_aknn","EA",41138,557.65
"rbv2_aknn","OP",41138,564.6
"rbv2_aknn","SM",41138,255.3
"rbv2_aknn","RS",40981,120000
"rbv2_aknn","EA",40981,592.25
"rbv2_aknn","OP",40981,583.6
"rbv2_aknn","SM",40981,356.25
"rbv2_aknn","RS",4134,577.6
"rbv2_aknn","EA",4134,583.6
"rbv2_aknn","OP",4134,553.95
"rbv2_aknn","SM",4134,459.6
"rbv2_aknn","RS",40927,120000
"rbv2_aknn","EA",40927,598.3
"rbv2_aknn","OP",40927,565.55
"rbv2_aknn","SM",40927,431.15
"rbv2_aknn","RS",1220,120000
"rbv2_aknn","EA",1220,575.55
"rbv2_aknn","OP",1220,567.4
"rbv2_aknn","SM",1220,493.8
"rbv2_aknn","RS",4154,120000
"rbv2_aknn","EA",4154,567.6
"rbv2_aknn","OP",4154,537.95
"rbv2_aknn","SM",4154,214
"rbv2_aknn","RS",41163,120000
"rbv2_aknn","EA",41163,576.7
"rbv2_aknn","OP",41163,120000
"rbv2_aknn","SM",41163,383.35
"rbv2_aknn","RS",40996,120000
"rbv2_aknn","EA",40996,575.65
"rbv2_aknn","OP",40996,577.6
"rbv2_aknn","SM",40996,505.05
"rbv2_aknn","RS",4538,120000
"rbv2_aknn","EA",4538,570.6
"rbv2_aknn","OP",4538,585.85
"rbv2_aknn","SM",4538,252.05
"rbv2_aknn","RS",40978,120000
"rbv2_aknn","EA",40978,586.85
"rbv2_aknn","OP",40978,572.6
"rbv2_aknn","SM",40978,417.55
"rbv2_aknn","RS",375,120000
"rbv2_aknn","EA",375,587.75
"rbv2_aknn","OP",375,580.6
"rbv2_aknn","SM",375,271.25
"rbv2_aknn","RS",1111,120000
"rbv2_aknn","EA",1111,120000
"rbv2_aknn","OP",1111,120000
"rbv2_aknn","SM",1111,486.7
"rbv2_aknn","RS",40496,120000
"rbv2_aknn","EA",40496,589.3
"rbv2_aknn","OP",40496,546.75
"rbv2_aknn","SM",40496,295.8
"rbv2_aknn","RS",40966,120000
"rbv2_aknn","EA",40966,570.85
"rbv2_aknn","OP",40966,120000
"rbv2_aknn","SM",40966,215.25
"rbv2_aknn","RS",41150,120000
"rbv2_aknn","EA",41150,561.05
"rbv2_aknn","OP",41150,588.55
"rbv2_aknn","SM",41150,287
"rbv2_aknn","RS",4534,120000
"rbv2_aknn","EA",4534,584.2
"rbv2_aknn","OP",4534,581.1
"rbv2_aknn","SM",4534,449.85
"rbv2_aknn","RS",40900,120000
"rbv2_aknn","EA",40900,556.7
"rbv2_aknn","OP",40900,577.75
"rbv2_aknn","SM",40900,303.3
"rbv2_aknn","RS",40536,120000
"rbv2_aknn","EA",40536,570.45
"rbv2_aknn","OP",40536,120000
"rbv2_aknn","SM",40536,394.2
"rbv2_aknn","RS",41156,120000
"rbv2_aknn","EA",41156,545.45
"rbv2_aknn","OP",41156,586.35
"rbv2_aknn","SM",41156,288.8
"rbv2_aknn","RS",1590,120000
"rbv2_aknn","EA",1590,562.1
"rbv2_aknn","OP",1590,597.05
"rbv2_aknn","SM",1590,285.15
"rbv2_aknn","RS",1457,120000
"rbv2_aknn","EA",1457,577.25
"rbv2_aknn","OP",1457,596.75
"rbv2_aknn","SM",1457,441.4
"rbv2_aknn","RS",458,120000
"rbv2_aknn","EA",458,576.15
"rbv2_aknn","OP",458,120000
"rbv2_aknn","SM",458,404.15
"rbv2_aknn","RS",469,120000
"rbv2_aknn","EA",469,573.4
"rbv2_aknn","OP",469,572.7
"rbv2_aknn","SM",469,352.95
"rbv2_aknn","RS",41157,120000
"rbv2_aknn","EA",41157,594.95
"rbv2_aknn","OP",41157,545.35
"rbv2_aknn","SM",41157,252.35
"rbv2_aknn","RS",11,120000
"rbv2_aknn","EA",11,599.15
"rbv2_aknn","OP",11,583.7
"rbv2_aknn","SM",11,286.25
"rbv2_aknn","RS",1461,120000
"rbv2_aknn","EA",1461,578.85
"rbv2_aknn","OP",1461,576.4
"rbv2_aknn","SM",1461,369.2
"rbv2_aknn","RS",1462,120000
"rbv2_aknn","EA",1462,520.5
"rbv2_aknn","OP",1462,392.85
"rbv2_aknn","SM",1462,148.7
"rbv2_aknn","RS",1464,120000
"rbv2_aknn","EA",1464,591.45
"rbv2_aknn","OP",1464,509.15
"rbv2_aknn","SM",1464,264.1
"rbv2_aknn","RS",15,120000
"rbv2_aknn","EA",15,581.9
"rbv2_aknn","OP",15,597.8
"rbv2_aknn","SM",15,352.85
"rbv2_aknn","RS",40975,120000
"rbv2_aknn","EA",40975,594.65
"rbv2_aknn","OP",40975,545.5
"rbv2_aknn","SM",40975,290.9
"rbv2_aknn","RS",41142,120000
"rbv2_aknn","EA",41142,581.6
"rbv2_aknn","OP",41142,583.05
"rbv2_aknn","SM",41142,408.15
"rbv2_aknn","RS",40701,120000
"rbv2_aknn","EA",40701,565.2
"rbv2_aknn","OP",40701,580.05
"rbv2_aknn","SM",40701,253.4
"rbv2_aknn","RS",40994,120000
"rbv2_aknn","EA",40994,589.35
"rbv2_aknn","OP",40994,565.45
"rbv2_aknn","SM",40994,318.95
"rbv2_aknn","RS",23,120000
"rbv2_aknn","EA",23,580
"rbv2_aknn","OP",23,543.65
"rbv2_aknn","SM",23,474.5
"rbv2_aknn","RS",1468,120000
"rbv2_aknn","EA",1468,562.5
"rbv2_aknn","OP",1468,120000
"rbv2_aknn","SM",1468,323.75
"rbv2_aknn","RS",40668,120000
"rbv2_aknn","EA",40668,590
"rbv2_aknn","OP",40668,569.25
"rbv2_aknn","SM",40668,396.7
"rbv2_aknn","RS",29,120000
"rbv2_aknn","EA",29,569.85
"rbv2_aknn","OP",29,587.55
"rbv2_aknn","SM",29,298.45
"rbv2_aknn","RS",31,120000
"rbv2_aknn","EA",31,577.3
"rbv2_aknn","OP",31,592.3
"rbv2_aknn","SM",31,293.55
"rbv2_aknn","RS",6332,120000
"rbv2_aknn","EA",6332,582.45
"rbv2_aknn","OP",6332,592
"rbv2_aknn","SM",6332,202.7
"rbv2_aknn","RS",37,120000
"rbv2_aknn","EA",37,568.65
"rbv2_aknn","OP",37,585.8
"rbv2_aknn","SM",37,422.8
"rbv2_aknn","RS",4541,120000
"rbv2_aknn","EA",4541,560.95
"rbv2_aknn","OP",4541,596.4
"rbv2_aknn","SM",4541,478
"rbv2_aknn","RS",40670,120000
"rbv2_aknn","EA",40670,587.5
"rbv2_aknn","OP",40670,120000
"rbv2_aknn","SM",40670,462.4
"rbv2_aknn","RS",23381,120000
"rbv2_aknn","EA",23381,579.75
"rbv2_aknn","OP",23381,508.95
"rbv2_aknn","SM",23381,254.35
"rbv2_aknn","RS",151,120000
"rbv2_aknn","EA",151,578.25
"rbv2_aknn","OP",151,120000
"rbv2_aknn","SM",151,330.85
"rbv2_aknn","RS",188,120000
"rbv2_aknn","EA",188,577.3
"rbv2_aknn","OP",188,597.55
"rbv2_aknn","SM",188,282.55
"rbv2_aknn","RS",41164,120000
"rbv2_aknn","EA",41164,573.45
"rbv2_aknn","OP",41164,120000
"rbv2_aknn","SM",41164,543.6
"rbv2_aknn","RS",1475,120000
"rbv2_aknn","EA",1475,577.85
"rbv2_aknn","OP",1475,546.25
"rbv2_aknn","SM",1475,426.85
"rbv2_aknn","RS",1476,120000
"rbv2_aknn","EA",1476,582.4
"rbv2_aknn","OP",1476,585.85
"rbv2_aknn","SM",1476,308.4
"rbv2_aknn","RS",41159,120000
"rbv2_aknn","EA",41159,568.4
"rbv2_aknn","OP",41159,578.9
"rbv2_aknn","SM",41159,576.8
"rbv2_aknn","RS",1478,120000
"rbv2_aknn","EA",1478,589.9
"rbv2_aknn","OP",1478,599.85
"rbv2_aknn","SM",1478,260.6
"rbv2_aknn","RS",41169,120000
"rbv2_aknn","EA",41169,574.3
"rbv2_aknn","OP",41169,120000
"rbv2_aknn","SM",41169,424.65
"rbv2_aknn","RS",23512,120000
"rbv2_aknn","EA",23512,572.4
"rbv2_aknn","OP",23512,588.9
"rbv2_aknn","SM",23512,358.1
"rbv2_aknn","RS",1479,120000
"rbv2_aknn","EA",1479,546.85
"rbv2_aknn","OP",1479,507.85
"rbv2_aknn","SM",1479,218.55
"rbv2_aknn","RS",41212,120000
"rbv2_aknn","EA",41212,584.2
"rbv2_aknn","OP",41212,576.5
"rbv2_aknn","SM",41212,371.65
"rbv2_aknn","RS",1480,120000
"rbv2_aknn","EA",1480,578.2
"rbv2_aknn","OP",1480,551.15
"rbv2_aknn","SM",1480,471.1
"rbv2_aknn","RS",300,120000
"rbv2_aknn","EA",300,588.65
"rbv2_aknn","OP",300,560.15
"rbv2_aknn","SM",300,308.2
"rbv2_aknn","RS",41168,120000
"rbv2_aknn","EA",41168,577.95
"rbv2_aknn","OP",41168,120000
"rbv2_aknn","SM",41168,273.3
"rbv2_aknn","RS",41143,120000
"rbv2_aknn","EA",41143,580.05
"rbv2_aknn","OP",41143,566.05
"rbv2_aknn","SM",41143,383.7
"rbv2_aknn","RS",1053,120000
"rbv2_aknn","EA",1053,578.5
"rbv2_aknn","OP",1053,567.75
"rbv2_aknn","SM",1053,350.45
"rbv2_aknn","RS",41027,120000
"rbv2_aknn","EA",41027,581.5
"rbv2_aknn","OP",41027,120000
"rbv2_aknn","SM",41027,358.2
"rbv2_aknn","RS",1067,120000
"rbv2_aknn","EA",1067,585.7
"rbv2_aknn","OP",1067,598.4
"rbv2_aknn","SM",1067,276.85
"rbv2_aknn","RS",1063,120000
"rbv2_aknn","EA",1063,578.55
"rbv2_aknn","OP",1063,583.95
"rbv2_aknn","SM",1063,370.85
"rbv2_aknn","RS",41162,572.7
"rbv2_aknn","EA",41162,577.95
"rbv2_aknn","OP",41162,579.25
"rbv2_aknn","SM",41162,291
"rbv2_aknn","RS",3,120000
"rbv2_aknn","EA",3,573.1
"rbv2_aknn","OP",3,580.45
"rbv2_aknn","SM",3,510.2
"rbv2_aknn","RS",6,120000
"rbv2_aknn","EA",6,591.7
"rbv2_aknn","OP",6,597.85
"rbv2_aknn","SM",6,239
"rbv2_aknn","RS",1485,120000
"rbv2_aknn","EA",1485,575.2
"rbv2_aknn","OP",1485,584.05
"rbv2_aknn","SM",1485,267.15
"rbv2_aknn","RS",1056,120000
"rbv2_aknn","EA",1056,579.15
"rbv2_aknn","OP",1056,557.4
"rbv2_aknn","SM",1056,405.75
"rbv2_aknn","RS",12,120000
"rbv2_aknn","EA",12,533.45
"rbv2_aknn","OP",12,581.8
"rbv2_aknn","SM",12,252.9
"rbv2_aknn","RS",14,120000
"rbv2_aknn","EA",14,120000
"rbv2_aknn","OP",14,548.45
"rbv2_aknn","SM",14,402.15
"rbv2_aknn","RS",16,120000
"rbv2_aknn","EA",16,584.9
"rbv2_aknn","OP",16,580.25
"rbv2_aknn","SM",16,246.3
"rbv2_aknn","RS",18,120000
"rbv2_aknn","EA",18,559.35
"rbv2_aknn","OP",18,585.75
"rbv2_aknn","SM",18,577.7
"rbv2_aknn","RS",40979,120000
"rbv2_aknn","EA",40979,570.85
"rbv2_aknn","OP",40979,577.35
"rbv2_aknn","SM",40979,236.55
"rbv2_aknn","RS",22,120000
"rbv2_aknn","EA",22,575.6
"rbv2_aknn","OP",22,558.45
"rbv2_aknn","SM",22,352
"rbv2_aknn","RS",1515,120000
"rbv2_aknn","EA",1515,583.65
"rbv2_aknn","OP",1515,536.55
"rbv2_aknn","SM",1515,282
"rbv2_aknn","RS",554,120000
"rbv2_aknn","EA",554,556.85
"rbv2_aknn","OP",554,534.05
"rbv2_aknn","SM",554,306.65
"rbv2_aknn","RS",334,120000
"rbv2_aknn","EA",334,562.65
"rbv2_aknn","OP",334,582.8
"rbv2_aknn","SM",334,381.6
"rbv2_aknn","RS",24,599.3
"rbv2_aknn","EA",24,301.05
"rbv2_aknn","OP",24,102.2
"rbv2_aknn","SM",24,122.1
"rbv2_aknn","RS",1486,120000
"rbv2_aknn","EA",1486,120000
"rbv2_aknn","OP",1486,529.7
"rbv2_aknn","SM",1486,382.3
"rbv2_aknn","RS",23517,581.3
"rbv2_aknn","EA",23517,575.15
"rbv2_aknn","OP",23517,120000
"rbv2_aknn","SM",23517,120000
"rbv2_aknn","RS",41278,120000
"rbv2_aknn","EA",41278,570.15
"rbv2_aknn","OP",41278,120000
"rbv2_aknn","SM",41278,486.95
"rbv2_aknn","RS",1493,120000
"rbv2_aknn","EA",1493,596.75
"rbv2_aknn","OP",1493,575.1
"rbv2_aknn","SM",1493,488.8
"rbv2_aknn","RS",28,120000
"rbv2_aknn","EA",28,572.55
"rbv2_aknn","OP",28,120000
"rbv2_aknn","SM",28,450.65
"rbv2_aknn","RS",1487,120000
"rbv2_aknn","EA",1487,562.5
"rbv2_aknn","OP",1487,573.25
"rbv2_aknn","SM",1487,374.3
"rbv2_aknn","RS",1068,573.55
"rbv2_aknn","EA",1068,575.5
"rbv2_aknn","OP",1068,564.05
"rbv2_aknn","SM",1068,576.1
"rbv2_aknn","RS",1050,120000
"rbv2_aknn","EA",1050,563.85
"rbv2_aknn","OP",1050,550.25
"rbv2_aknn","SM",1050,288.7
"rbv2_aknn","RS",1049,120000
"rbv2_aknn","EA",1049,582.35
"rbv2_aknn","OP",1049,533.85
"rbv2_aknn","SM",1049,548.7
"rbv2_aknn","RS",32,120000
"rbv2_aknn","EA",32,579.15
"rbv2_aknn","OP",32,120000
"rbv2_aknn","SM",32,318.7
"rbv2_aknn","RS",1489,120000
"rbv2_aknn","EA",1489,593.2
"rbv2_aknn","OP",1489,584.75
"rbv2_aknn","SM",1489,268.8
"rbv2_aknn","RS",470,120000
"rbv2_aknn","EA",470,569.3
"rbv2_aknn","OP",470,583.4
"rbv2_aknn","SM",470,263.7
"rbv2_aknn","RS",1494,120000
"rbv2_aknn","EA",1494,591.35
"rbv2_aknn","OP",1494,596.3
"rbv2_aknn","SM",1494,299.75
"rbv2_aknn","RS",41161,120000
"rbv2_aknn","EA",41161,576.15
"rbv2_aknn","OP",41161,578.45
"rbv2_aknn","SM",41161,481.35
"rbv2_aknn","RS",41165,120000
"rbv2_aknn","EA",41165,579.4
"rbv2_aknn","OP",41165,120000
"rbv2_aknn","SM",41165,508
"rbv2_aknn","RS",182,120000
"rbv2_aknn","EA",182,581.3
"rbv2_aknn","OP",182,578.3
"rbv2_aknn","SM",182,266.75
"rbv2_aknn","RS",312,120000
"rbv2_aknn","EA",312,575.55
"rbv2_aknn","OP",312,578.85
"rbv2_aknn","SM",312,282
"rbv2_aknn","RS",40984,120000
"rbv2_aknn","EA",40984,573.9
"rbv2_aknn","OP",40984,120000
"rbv2_aknn","SM",40984,364.5
"rbv2_aknn","RS",1501,120000
"rbv2_aknn","EA",1501,577.45
"rbv2_aknn","OP",1501,568.75
"rbv2_aknn","SM",1501,222.35
"rbv2_aknn","RS",40685,120000
"rbv2_aknn","EA",40685,549.8
"rbv2_aknn","OP",40685,579.15
"rbv2_aknn","SM",40685,346.65
"rbv2_aknn","RS",38,120000
"rbv2_aknn","EA",38,548.05
"rbv2_aknn","OP",38,120000
"rbv2_aknn","SM",38,518.1
"rbv2_aknn","RS",42,120000
"rbv2_aknn","EA",42,535.9
"rbv2_aknn","OP",42,593.3
"rbv2_aknn","SM",42,262.05
"rbv2_aknn","RS",44,120000
"rbv2_aknn","EA",44,595.55
"rbv2_aknn","OP",44,588.35
"rbv2_aknn","SM",44,297.2
"rbv2_aknn","RS",46,120000
"rbv2_aknn","EA",46,560.35
"rbv2_aknn","OP",46,574.75
"rbv2_aknn","SM",46,242
"rbv2_aknn","RS",40982,120000
"rbv2_aknn","EA",40982,589
"rbv2_aknn","OP",40982,595.3
"rbv2_aknn","SM",40982,435.9
"rbv2_aknn","RS",1040,120000
"rbv2_aknn","EA",1040,589.25
"rbv2_aknn","OP",1040,581.95
"rbv2_aknn","SM",1040,381.7
"rbv2_aknn","RS",41146,120000
"rbv2_aknn","EA",41146,583.1
"rbv2_aknn","OP",41146,120000
"rbv2_aknn","SM",41146,252.65
"rbv2_aknn","RS",377,120000
"rbv2_aknn","EA",377,583.85
"rbv2_aknn","OP",377,520.35
"rbv2_aknn","SM",377,577.75
"rbv2_aknn","RS",40499,120000
"rbv2_aknn","EA",40499,563.9
"rbv2_aknn","OP",40499,572.55
"rbv2_aknn","SM",40499,228.25
"rbv2_aknn","RS",50,120000
"rbv2_aknn","EA",50,565.05
"rbv2_aknn","OP",50,459.55
"rbv2_aknn","SM",50,157.2
"rbv2_aknn","RS",54,120000
"rbv2_aknn","EA",54,574.65
"rbv2_aknn","OP",54,579.25
"rbv2_aknn","SM",54,468.65
"rbv2_aknn","RS",41216,120000
"rbv2_aknn","EA",41216,576.75
"rbv2_aknn","OP",41216,572.95
"rbv2_aknn","SM",41216,414.55
"rbv2_aknn","RS",41166,575.65
"rbv2_aknn","EA",41166,574.05
"rbv2_aknn","OP",41166,563.05
"rbv2_aknn","SM",41166,576.3
"rbv2_aknn","RS",307,120000
"rbv2_aknn","EA",307,584.5
"rbv2_aknn","OP",307,579.4
"rbv2_aknn","SM",307,225.8
"rbv2_aknn","RS",1497,120000
"rbv2_aknn","EA",1497,585.15
"rbv2_aknn","OP",1497,565.2
"rbv2_aknn","SM",1497,306.95
"rbv2_aknn","RS",60,120000
"rbv2_aknn","EA",60,574.05
"rbv2_aknn","OP",60,580.75
"rbv2_aknn","SM",60,417.45
"rbv2_aknn","RS",1510,120000
"rbv2_aknn","EA",1510,570.5
"rbv2_aknn","OP",1510,536.1
"rbv2_aknn","SM",1510,243.35
"rbv2_aknn","RS",40983,120000
"rbv2_aknn","EA",40983,580.7
"rbv2_aknn","OP",40983,541.75
"rbv2_aknn","SM",40983,302.85
"rbv2_aknn","RS",40498,120000
"rbv2_aknn","EA",40498,583.85
"rbv2_aknn","OP",40498,592.45
"rbv2_aknn","SM",40498,211.1
"rbv2_aknn","RS",181,120000
"rbv2_aknn","EA",181,576.05
"rbv2_aknn","OP",181,120000
"rbv2_aknn","SM",181,572.95
"rbv2_aknn","RS",40923,577.35
"rbv2_aknn","EA",40923,580.9
"rbv2_aknn","OP",40923,571.1
"rbv2_aknn","SM",40923,120000
"rbv2_glmnet","RS",41138,19.7
"rbv2_glmnet","EA",41138,60000
"rbv2_glmnet","OP",41138,60000
"rbv2_glmnet","SM",41138,60000
"rbv2_glmnet","RS",4135,60000
"rbv2_glmnet","EA",4135,292.1
"rbv2_glmnet","OP",4135,60000
"rbv2_glmnet","SM",4135,281.9
"rbv2_glmnet","RS",40981,60000
"rbv2_glmnet","EA",40981,279.75
"rbv2_glmnet","OP",40981,60000
"rbv2_glmnet","SM",40981,299.75
"rbv2_glmnet","RS",4134,35.35
"rbv2_glmnet","EA",4134,297.1
"rbv2_glmnet","OP",4134,60000
"rbv2_glmnet","SM",4134,299.35
"rbv2_glmnet","RS",1220,60000
"rbv2_glmnet","EA",1220,252.15
"rbv2_glmnet","OP",1220,277.85
"rbv2_glmnet","SM",1220,180.8
"rbv2_glmnet","RS",4154,22.7
"rbv2_glmnet","EA",4154,60000
"rbv2_glmnet","OP",4154,60000
"rbv2_glmnet","SM",4154,60000
"rbv2_glmnet","RS",41163,60000
"rbv2_glmnet","EA",41163,288.3
"rbv2_glmnet","OP",41163,60000
"rbv2_glmnet","SM",41163,267.05
"rbv2_glmnet","RS",4538,189.5
"rbv2_glmnet","EA",4538,288.35
"rbv2_glmnet","OP",4538,60000
"rbv2_glmnet","SM",4538,60000
"rbv2_glmnet","RS",40978,48.7
"rbv2_glmnet","EA",40978,293.9
"rbv2_glmnet","OP",40978,60000
"rbv2_glmnet","SM",40978,60000
"rbv2_glmnet","RS",375,36.85
"rbv2_glmnet","EA",375,60000
"rbv2_glmnet","OP",375,60000
"rbv2_glmnet","SM",375,293.45
"rbv2_glmnet","RS",1111,60000
"rbv2_glmnet","EA",1111,196.2
"rbv2_glmnet","OP",1111,252.5
"rbv2_glmnet","SM",1111,138.4
"rbv2_glmnet","RS",40496,75.5
"rbv2_glmnet","EA",40496,60000
"rbv2_glmnet","OP",40496,60000
"rbv2_glmnet","SM",40496,287.2
"rbv2_glmnet","RS",40966,289.95
"rbv2_glmnet","EA",40966,286.45
"rbv2_glmnet","OP",40966,60000
"rbv2_glmnet","SM",40966,60000
"rbv2_glmnet","RS",41150,214.65
"rbv2_glmnet","EA",41150,287.35
"rbv2_glmnet","OP",41150,60000
"rbv2_glmnet","SM",41150,60000
"rbv2_glmnet","RS",4534,33.5
"rbv2_glmnet","EA",4534,60000
"rbv2_glmnet","OP",4534,60000
"rbv2_glmnet","SM",4534,294.55
"rbv2_glmnet","RS",40900,19.7
"rbv2_glmnet","EA",40900,60000
"rbv2_glmnet","OP",40900,60000
"rbv2_glmnet","SM",40900,60000
"rbv2_glmnet","RS",40536,23.75
"rbv2_glmnet","EA",40536,60000
"rbv2_glmnet","OP",40536,60000
"rbv2_glmnet","SM",40536,60000
"rbv2_glmnet","RS",41156,65.6
"rbv2_glmnet","EA",41156,294.8
"rbv2_glmnet","OP",41156,60000
"rbv2_glmnet","SM",41156,296.35
"rbv2_glmnet","RS",1590,35.9
"rbv2_glmnet","EA",1590,60000
"rbv2_glmnet","OP",1590,60000
"rbv2_glmnet","SM",1590,295.2
"rbv2_glmnet","RS",1457,60000
"rbv2_glmnet","EA",1457,287.15
"rbv2_glmnet","OP",1457,60000
"rbv2_glmnet","SM",1457,297.65
"rbv2_glmnet","RS",458,60000
"rbv2_glmnet","EA",458,290.9
"rbv2_glmnet","OP",458,60000
"rbv2_glmnet","SM",458,270.1
"rbv2_glmnet","RS",469,59.85
"rbv2_glmnet","EA",469,291.95
"rbv2_glmnet","OP",469,60000
"rbv2_glmnet","SM",469,60000
"rbv2_glmnet","RS",41157,60000
"rbv2_glmnet","EA",41157,286.45
"rbv2_glmnet","OP",41157,60000
"rbv2_glmnet","SM",41157,60000
"rbv2_glmnet","RS",11,60000
"rbv2_glmnet","EA",11,286.75
"rbv2_glmnet","OP",11,60000
"rbv2_glmnet","SM",11,60000
"rbv2_glmnet","RS",1461,29.25
"rbv2_glmnet","EA",1461,60000
"rbv2_glmnet","OP",1461,60000
"rbv2_glmnet","SM",1461,298.95
"rbv2_glmnet","RS",1462,60000
"rbv2_glmnet","EA",1462,283.1
"rbv2_glmnet","OP",1462,60000
"rbv2_glmnet","SM",1462,60000
"rbv2_glmnet","RS",1464,104.5
"rbv2_glmnet","EA",1464,239.5
"rbv2_glmnet","OP",1464,268.65
"rbv2_glmnet","SM",1464,236.25
"rbv2_glmnet","RS",15,82.95
"rbv2_glmnet","EA",15,60000
"rbv2_glmnet","OP",15,60000
"rbv2_glmnet","SM",15,284.75
"rbv2_glmnet","RS",40975,272
"rbv2_glmnet","EA",40975,288.65
"rbv2_glmnet","OP",40975,60000
"rbv2_glmnet","SM",40975,295.2
"rbv2_glmnet","RS",41142,60000
"rbv2_glmnet","EA",41142,287.05
"rbv2_glmnet","OP",41142,60000
"rbv2_glmnet","SM",41142,60000
"rbv2_glmnet","RS",40701,60000
"rbv2_glmnet","EA",40701,192.25
"rbv2_glmnet","OP",40701,218.3
"rbv2_glmnet","SM",40701,157.9
"rbv2_glmnet","RS",40994,24.9
"rbv2_glmnet","EA",40994,60000
"rbv2_glmnet","OP",40994,60000
"rbv2_glmnet","SM",40994,60000
"rbv2_glmnet","RS",23,232.55
"rbv2_glmnet","EA",23,296.2
"rbv2_glmnet","OP",23,60000
"rbv2_glmnet","SM",23,279.9
"rbv2_glmnet","RS",1468,60000
"rbv2_glmnet","EA",1468,289.9
"rbv2_glmnet","OP",1468,60000
"rbv2_glmnet","SM",1468,259.45
"rbv2_glmnet","RS",40668,23.8
"rbv2_glmnet","EA",40668,60000
"rbv2_glmnet","OP",40668,60000
"rbv2_glmnet","SM",40668,293.5
"rbv2_glmnet","RS",29,262.85
"rbv2_glmnet","EA",29,289.2
"rbv2_glmnet","OP",29,60000
"rbv2_glmnet","SM",29,295.8
"rbv2_glmnet","RS",31,50.4
"rbv2_glmnet","EA",31,294.2
"rbv2_glmnet","OP",31,60000
"rbv2_glmnet","SM",31,293.75
"rbv2_glmnet","RS",6332,60000
"rbv2_glmnet","EA",6332,284.45
"rbv2_glmnet","OP",6332,60000
"rbv2_glmnet","SM",6332,60000
"rbv2_glmnet","RS",37,60000
"rbv2_glmnet","EA",37,287.35
"rbv2_glmnet","OP",37,60000
"rbv2_glmnet","SM",37,299.8
"rbv2_glmnet","RS",4541,60000
"rbv2_glmnet","EA",4541,287.05
"rbv2_glmnet","OP",4541,60000
"rbv2_glmnet","SM",4541,60000
"rbv2_glmnet","RS",40670,271.15
"rbv2_glmnet","EA",40670,292.1
"rbv2_glmnet","OP",40670,60000
"rbv2_glmnet","SM",40670,291.95
"rbv2_glmnet","RS",23381,222.25
"rbv2_glmnet","EA",23381,287.75
"rbv2_glmnet","OP",23381,60000
"rbv2_glmnet","SM",23381,60000
"rbv2_glmnet","RS",151,30.85
"rbv2_glmnet","EA",151,60000
"rbv2_glmnet","OP",151,60000
"rbv2_glmnet","SM",151,60000
"rbv2_glmnet","RS",188,274.25
"rbv2_glmnet","EA",188,60000
"rbv2_glmnet","OP",188,60000
"rbv2_glmnet","SM",188,279.2
"rbv2_glmnet","RS",41164,26.8
"rbv2_glmnet","EA",41164,60000
"rbv2_glmnet","OP",41164,60000
"rbv2_glmnet","SM",41164,297.85
"rbv2_glmnet","RS",1475,23.35
"rbv2_glmnet","EA",1475,299.15
"rbv2_glmnet","OP",1475,60000
"rbv2_glmnet","SM",1475,60000
"rbv2_glmnet","RS",1476,295.7
"rbv2_glmnet","EA",1476,284.95
"rbv2_glmnet","OP",1476,60000
"rbv2_glmnet","SM",1476,60000
"rbv2_glmnet","RS",41159,14.6
"rbv2_glmnet","EA",41159,60000
"rbv2_glmnet","OP",41159,60000
"rbv2_glmnet","SM",41159,60000
"rbv2_glmnet","RS",1478,60000
"rbv2_glmnet","EA",1478,288.25
"rbv2_glmnet","OP",1478,60000
"rbv2_glmnet","SM",1478,276.5
"rbv2_glmnet","RS",41169,60000
"rbv2_glmnet","EA",41169,284.1
"rbv2_glmnet","OP",41169,60000
"rbv2_glmnet","SM",41169,60000
"rbv2_glmnet","RS",23512,55.85
"rbv2_glmnet","EA",23512,60000
"rbv2_glmnet","OP",23512,60000
"rbv2_glmnet","SM",23512,240.85
"rbv2_glmnet","RS",1479,187.7
"rbv2_glmnet","EA",1479,288.95
"rbv2_glmnet","OP",1479,60000
"rbv2_glmnet","SM",1479,60000
"rbv2_glmnet","RS",41212,60000
"rbv2_glmnet","EA",41212,283
"rbv2_glmnet","OP",41212,60000
"rbv2_glmnet","SM",41212,60000
"rbv2_glmnet","RS",1480,43
"rbv2_glmnet","EA",1480,293.3
"rbv2_glmnet","OP",1480,60000
"rbv2_glmnet","SM",1480,60000
"rbv2_glmnet","RS",300,60000
"rbv2_glmnet","EA",300,293.8
"rbv2_glmnet","OP",300,60000
"rbv2_glmnet","SM",300,270.35
"rbv2_glmnet","RS",41168,57.6
"rbv2_glmnet","EA",41168,60000
"rbv2_glmnet","OP",41168,60000
"rbv2_glmnet","SM",41168,288.8
"rbv2_glmnet","RS",41143,60000
"rbv2_glmnet","EA",41143,297.5
"rbv2_glmnet","OP",41143,60000
"rbv2_glmnet","SM",41143,207
"rbv2_glmnet","RS",1053,60000
"rbv2_glmnet","EA",1053,298.7
"rbv2_glmnet","OP",1053,293.35
"rbv2_glmnet","SM",1053,214.05
"rbv2_glmnet","RS",41027,142.65
"rbv2_glmnet","EA",41027,292.7
"rbv2_glmnet","OP",41027,60000
"rbv2_glmnet","SM",41027,292.6
"rbv2_glmnet","RS",1067,31.45
"rbv2_glmnet","EA",1067,60000
"rbv2_glmnet","OP",1067,60000
"rbv2_glmnet","SM",1067,60000
"rbv2_glmnet","RS",1063,39.4
"rbv2_glmnet","EA",1063,60000
"rbv2_glmnet","OP",1063,60000
"rbv2_glmnet","SM",1063,292
"rbv2_glmnet","RS",41162,19.75
"rbv2_glmnet","EA",41162,60000
"rbv2_glmnet","OP",41162,60000
"rbv2_glmnet","SM",41162,60000
"rbv2_glmnet","RS",3,240.05
"rbv2_glmnet","EA",3,287.8
"rbv2_glmnet","OP",3,60000
"rbv2_glmnet","SM",3,60000
"rbv2_glmnet","RS",6,20.85
"rbv2_glmnet","EA",6,60000
"rbv2_glmnet","OP",6,60000
"rbv2_glmnet","SM",6,60000
"rbv2_glmnet","RS",1485,68.5
"rbv2_glmnet","EA",1485,60000
"rbv2_glmnet","OP",1485,299.9
"rbv2_glmnet","SM",1485,288.55
"rbv2_glmnet","RS",1056,93.85
"rbv2_glmnet","EA",1056,231.55
"rbv2_glmnet","OP",1056,267.35
"rbv2_glmnet","SM",1056,140.45
"rbv2_glmnet","RS",12,60000
"rbv2_glmnet","EA",12,286.15
"rbv2_glmnet","OP",12,295.6
"rbv2_glmnet","SM",12,282.9
"rbv2_glmnet","RS",14,226.85
"rbv2_glmnet","EA",14,292.7
"rbv2_glmnet","OP",14,60000
"rbv2_glmnet","SM",14,277.05
"rbv2_glmnet","RS",16,60000
"rbv2_glmnet","EA",16,287.5
"rbv2_glmnet","OP",16,60000
"rbv2_glmnet","SM",16,283.25
"rbv2_glmnet","RS",18,60000
"rbv2_glmnet","EA",18,295.4
"rbv2_glmnet","OP",18,60000
"rbv2_glmnet","SM",18,278.35
"rbv2_glmnet","RS",40979,60000
"rbv2_glmnet","EA",40979,286.3
"rbv2_glmnet","OP",40979,60000
"rbv2_glmnet","SM",40979,60000
"rbv2_glmnet","RS",22,60000
"rbv2_glmnet","EA",22,285.55
"rbv2_glmnet","OP",22,60000
"rbv2_glmnet","SM",22,60000
"rbv2_glmnet","RS",1515,129.8
"rbv2_glmnet","EA",1515,289.55
"rbv2_glmnet","OP",1515,60000
"rbv2_glmnet","SM",1515,60000
"rbv2_glmnet","RS",334,47.65
"rbv2_glmnet","EA",334,289.75
"rbv2_glmnet","OP",334,256.3
"rbv2_glmnet","SM",334,213.4
"rbv2_glmnet","RS",24,60000
"rbv2_glmnet","EA",24,285.9
"rbv2_glmnet","OP",24,60000
"rbv2_glmnet","SM",24,60000
"rbv2_glmnet","RS",1486,270.35
"rbv2_glmnet","EA",1486,287.4
"rbv2_glmnet","OP",1486,60000
"rbv2_glmnet","SM",1486,60000
"rbv2_glmnet","RS",23517,60000
"rbv2_glmnet","EA",23517,291.1
"rbv2_glmnet","OP",23517,60000
"rbv2_glmnet","SM",23517,284.05
"rbv2_glmnet","RS",41278,16.5
"rbv2_glmnet","EA",41278,60000
"rbv2_glmnet","OP",41278,60000
"rbv2_glmnet","SM",41278,60000
"rbv2_glmnet","RS",1493,60000
"rbv2_glmnet","EA",1493,237.5
"rbv2_glmnet","OP",1493,60000
"rbv2_glmnet","SM",1493,60000
"rbv2_glmnet","RS",28,60000
"rbv2_glmnet","EA",28,294.4
"rbv2_glmnet","OP",28,60000
"rbv2_glmnet","SM",28,276.7
"rbv2_glmnet","RS",1487,60000
"rbv2_glmnet","EA",1487,197.5
"rbv2_glmnet","OP",1487,261.95
"rbv2_glmnet","SM",1487,147.55
"rbv2_glmnet","RS",1068,60000
"rbv2_glmnet","EA",1068,205.25
"rbv2_glmnet","OP",1068,172.45
"rbv2_glmnet","SM",1068,118
"rbv2_glmnet","RS",1050,60000
"rbv2_glmnet","EA",1050,169.15
"rbv2_glmnet","OP",1050,179.1
"rbv2_glmnet","SM",1050,127.3
"rbv2_glmnet","RS",1049,22.5
"rbv2_glmnet","EA",1049,60000
"rbv2_glmnet","OP",1049,60000
"rbv2_glmnet","SM",1049,60000
"rbv2_glmnet","RS",32,95.9
"rbv2_glmnet","EA",32,294.05
"rbv2_glmnet","OP",32,60000
"rbv2_glmnet","SM",32,294.6
"rbv2_glmnet","RS",1489,275.5
"rbv2_glmnet","EA",1489,286.6
"rbv2_glmnet","OP",1489,60000
"rbv2_glmnet","SM",1489,60000
"rbv2_glmnet","RS",470,24.3
"rbv2_glmnet","EA",470,60000
"rbv2_glmnet","OP",470,60000
"rbv2_glmnet","SM",470,60000
"rbv2_glmnet","RS",1494,252.55
"rbv2_glmnet","EA",1494,287.1
"rbv2_glmnet","OP",1494,60000
"rbv2_glmnet","SM",1494,60000
"rbv2_glmnet","RS",41161,66.05
"rbv2_glmnet","EA",41161,292.55
"rbv2_glmnet","OP",41161,60000
"rbv2_glmnet","SM",41161,60000
"rbv2_glmnet","RS",182,289.8
"rbv2_glmnet","EA",182,291.55
"rbv2_glmnet","OP",182,60000
"rbv2_glmnet","SM",182,280.1
"rbv2_glmnet","RS",312,27.5
"rbv2_glmnet","EA",312,60000
"rbv2_glmnet","OP",312,60000
"rbv2_glmnet","SM",312,60000
"rbv2_glmnet","RS",40984,60000
"rbv2_glmnet","EA",40984,285.2
"rbv2_glmnet","OP",40984,60000
"rbv2_glmnet","SM",40984,60000
"rbv2_glmnet","RS",1501,287.25
"rbv2_glmnet","EA",1501,292.4
"rbv2_glmnet","OP",1501,60000
"rbv2_glmnet","SM",1501,275.35
"rbv2_glmnet","RS",40685,123.9
"rbv2_glmnet","EA",40685,289.55
"rbv2_glmnet","OP",40685,60000
"rbv2_glmnet","SM",40685,60000
"rbv2_glmnet","RS",38,26.6
"rbv2_glmnet","EA",38,60000
"rbv2_glmnet","OP",38,60000
"rbv2_glmnet","SM",38,60000
"rbv2_glmnet","RS",42,24.55
"rbv2_glmnet","EA",42,60000
"rbv2_glmnet","OP",42,60000
"rbv2_glmnet","SM",42,60000
"rbv2_glmnet","RS",44,53.95
"rbv2_glmnet","EA",44,292.65
"rbv2_glmnet","OP",44,60000
"rbv2_glmnet","SM",44,298.05
"rbv2_glmnet","RS",46,60000
"rbv2_glmnet","EA",46,296.75
"rbv2_glmnet","OP",46,60000
"rbv2_glmnet","SM",46,256.85
"rbv2_glmnet","RS",40982,298.1
"rbv2_glmnet","EA",40982,284.1
"rbv2_glmnet","OP",40982,60000
"rbv2_glmnet","SM",40982,296.4
"rbv2_glmnet","RS",1040,27.5
"rbv2_glmnet","EA",1040,60000
"rbv2_glmnet","OP",1040,60000
"rbv2_glmnet","SM",1040,60000
"rbv2_glmnet","RS",41146,288.1
"rbv2_glmnet","EA",41146,60000
"rbv2_glmnet","OP",41146,60000
"rbv2_glmnet","SM",41146,268.25
"rbv2_glmnet","RS",377,60000
"rbv2_glmnet","EA",377,289.45
"rbv2_glmnet","OP",377,60000
"rbv2_glmnet","SM",377,286.5
"rbv2_glmnet","RS",40499,60000
"rbv2_glmnet","EA",40499,260.45
"rbv2_glmnet","OP",40499,60000
"rbv2_glmnet","SM",40499,60000
"rbv2_glmnet","RS",50,25.55
"rbv2_glmnet","EA",50,60000
"rbv2_glmnet","OP",50,60000
"rbv2_glmnet","SM",50,60000
"rbv2_glmnet","RS",54,67.55
"rbv2_glmnet","EA",54,60000
"rbv2_glmnet","OP",54,60000
"rbv2_glmnet","SM",54,280.2
"rbv2_glmnet","RS",41216,60000
"rbv2_glmnet","EA",41216,288.45
"rbv2_glmnet","OP",41216,60000
"rbv2_glmnet","SM",41216,294.1
"rbv2_glmnet","RS",41166,246.05
"rbv2_glmnet","EA",41166,288.05
"rbv2_glmnet","OP",41166,60000
"rbv2_glmnet","SM",41166,60000
"rbv2_glmnet","RS",307,239.35
"rbv2_glmnet","EA",307,286.95
"rbv2_glmnet","OP",307,60000
"rbv2_glmnet","SM",307,60000
"rbv2_glmnet","RS",1497,60000
"rbv2_glmnet","EA",1497,284.25
"rbv2_glmnet","OP",1497,60000
"rbv2_glmnet","SM",1497,60000
"rbv2_glmnet","RS",60,254.7
"rbv2_glmnet","EA",60,297.5
"rbv2_glmnet","OP",60,289.9
"rbv2_glmnet","SM",60,278.45
"rbv2_glmnet","RS",1510,80.45
"rbv2_glmnet","EA",1510,294.35
"rbv2_glmnet","OP",1510,60000
"rbv2_glmnet","SM",1510,288.25
"rbv2_glmnet","RS",40983,60000
"rbv2_glmnet","EA",40983,195.15
"rbv2_glmnet","OP",40983,212.05
"rbv2_glmnet","SM",40983,124.25
"rbv2_glmnet","RS",40498,33.15
"rbv2_glmnet","EA",40498,60000
"rbv2_glmnet","OP",40498,60000
"rbv2_glmnet","SM",40498,60000
"rbv2_glmnet","RS",181,60000
"rbv2_glmnet","EA",181,286.4
"rbv2_glmnet","OP",181,60000
"rbv2_glmnet","SM",181,60000
"rbv2_glmnet","RS",554,236.6
"rbv2_glmnet","EA",554,282.35
"rbv2_glmnet","OP",554,60000
"rbv2_glmnet","SM",554,292.3
"rbv2_ranger","RS",4135,160000
"rbv2_ranger","EA",4135,775.25
"rbv2_ranger","OP",4135,737.35
"rbv2_ranger","SM",4135,781.7
"rbv2_ranger","RS",40981,160000
"rbv2_ranger","EA",40981,160000
"rbv2_ranger","OP",40981,160000
"rbv2_ranger","SM",40981,684.95
"rbv2_ranger","RS",4134,160000
"rbv2_ranger","EA",4134,791.7
"rbv2_ranger","OP",4134,160000
"rbv2_ranger","SM",4134,439.95
"rbv2_ranger","RS",1220,160000
"rbv2_ranger","EA",1220,160000
"rbv2_ranger","OP",1220,160000
"rbv2_ranger","SM",1220,592
"rbv2_ranger","RS",4154,160000
"rbv2_ranger","EA",4154,787.35
"rbv2_ranger","OP",4154,160000
"rbv2_ranger","SM",4154,696.3
"rbv2_ranger","RS",4538,160000
"rbv2_ranger","EA",4538,793.65
"rbv2_ranger","OP",4538,160000
"rbv2_ranger","SM",4538,611.55
"rbv2_ranger","RS",40978,160000
"rbv2_ranger","EA",40978,160000
"rbv2_ranger","OP",40978,160000
"rbv2_ranger","SM",40978,705.65
"rbv2_ranger","RS",375,160000
"rbv2_ranger","EA",375,160000
"rbv2_ranger","OP",375,160000
"rbv2_ranger","SM",375,670.15
"rbv2_ranger","RS",40496,160000
"rbv2_ranger","EA",40496,796.9
"rbv2_ranger","OP",40496,160000
"rbv2_ranger","SM",40496,698.3
"rbv2_ranger","RS",40966,160000
"rbv2_ranger","EA",40966,792.85
"rbv2_ranger","OP",40966,160000
"rbv2_ranger","SM",40966,577.2
"rbv2_ranger","RS",4534,160000
"rbv2_ranger","EA",4534,790.5
"rbv2_ranger","OP",4534,160000
"rbv2_ranger","SM",4534,719.3
"rbv2_ranger","RS",40900,160000
"rbv2_ranger","EA",40900,789.25
"rbv2_ranger","OP",40900,762.1
"rbv2_ranger","SM",40900,604.25
"rbv2_ranger","RS",40536,160000
"rbv2_ranger","EA",40536,790.1
"rbv2_ranger","OP",40536,160000
"rbv2_ranger","SM",40536,472
"rbv2_ranger","RS",41156,160000
"rbv2_ranger","EA",41156,160000
"rbv2_ranger","OP",41156,160000
"rbv2_ranger","SM",41156,631.5
"rbv2_ranger","RS",1590,160000
"rbv2_ranger","EA",1590,160000
"rbv2_ranger","OP",1590,160000
"rbv2_ranger","SM",1590,661.25
"rbv2_ranger","RS",1457,160000
"rbv2_ranger","EA",1457,160000
"rbv2_ranger","OP",1457,160000
"rbv2_ranger","SM",1457,729.2
"rbv2_ranger","RS",458,160000
"rbv2_ranger","EA",458,160000
"rbv2_ranger","OP",458,160000
"rbv2_ranger","SM",458,665.1
"rbv2_ranger","RS",469,160000
"rbv2_ranger","EA",469,160000
"rbv2_ranger","OP",469,160000
"rbv2_ranger","SM",469,665.95
"rbv2_ranger","RS",41157,160000
"rbv2_ranger","EA",41157,788.05
"rbv2_ranger","OP",41157,160000
"rbv2_ranger","SM",41157,694.7
"rbv2_ranger","RS",11,160000
"rbv2_ranger","EA",11,160000
"rbv2_ranger","OP",11,160000
"rbv2_ranger","SM",11,683.45
"rbv2_ranger","RS",1461,160000
"rbv2_ranger","EA",1461,778.05
"rbv2_ranger","OP",1461,160000
"rbv2_ranger","SM",1461,744.95
"rbv2_ranger","RS",1462,160000
"rbv2_ranger","EA",1462,783.25
"rbv2_ranger","OP",1462,160000
"rbv2_ranger","SM",1462,735.5
"rbv2_ranger","RS",1464,160000
"rbv2_ranger","EA",1464,160000
"rbv2_ranger","OP",1464,160000
"rbv2_ranger","SM",1464,579.65
"rbv2_ranger","RS",15,160000
"rbv2_ranger","EA",15,790.45
"rbv2_ranger","OP",15,160000
"rbv2_ranger","SM",15,674.95
"rbv2_ranger","RS",40975,160000
"rbv2_ranger","EA",40975,160000
"rbv2_ranger","OP",40975,160000
"rbv2_ranger","SM",40975,576.05
"rbv2_ranger","RS",41142,160000
"rbv2_ranger","EA",41142,796.9
"rbv2_ranger","OP",41142,160000
"rbv2_ranger","SM",41142,447.2
"rbv2_ranger","RS",40701,160000
"rbv2_ranger","EA",40701,160000
"rbv2_ranger","OP",40701,160000
"rbv2_ranger","SM",40701,610.65
"rbv2_ranger","RS",40994,160000
"rbv2_ranger","EA",40994,772.25
"rbv2_ranger","OP",40994,748.35
"rbv2_ranger","SM",40994,773.1
"rbv2_ranger","RS",23,160000
"rbv2_ranger","EA",23,770.45
"rbv2_ranger","OP",23,739.2
"rbv2_ranger","SM",23,789.3
"rbv2_ranger","RS",1468,160000
"rbv2_ranger","EA",1468,160000
"rbv2_ranger","OP",1468,160000
"rbv2_ranger","SM",1468,606.4
"rbv2_ranger","RS",40668,160000
"rbv2_ranger","EA",40668,794.5
"rbv2_ranger","OP",40668,160000
"rbv2_ranger","SM",40668,543.8
"rbv2_ranger","RS",29,160000
"rbv2_ranger","EA",29,779.3
"rbv2_ranger","OP",29,775.15
"rbv2_ranger","SM",29,766.15
"rbv2_ranger","RS",31,160000
"rbv2_ranger","EA",31,160000
"rbv2_ranger","OP",31,160000
"rbv2_ranger","SM",31,594.7
"rbv2_ranger","RS",6332,160000
"rbv2_ranger","EA",6332,160000
"rbv2_ranger","OP",6332,160000
"rbv2_ranger","SM",6332,591.6
"rbv2_ranger","RS",37,160000
"rbv2_ranger","EA",37,790.45
"rbv2_ranger","OP",37,160000
"rbv2_ranger","SM",37,742.75
"rbv2_ranger","RS",40670,160000
"rbv2_ranger","EA",40670,160000
"rbv2_ranger","OP",40670,160000
"rbv2_ranger","SM",40670,540
"rbv2_ranger","RS",23381,160000
"rbv2_ranger","EA",23381,787.25
"rbv2_ranger","OP",23381,160000
"rbv2_ranger","SM",23381,750.25
"rbv2_ranger","RS",151,160000
"rbv2_ranger","EA",151,788.5
"rbv2_ranger","OP",151,160000
"rbv2_ranger","SM",151,517.45
"rbv2_ranger","RS",188,160000
"rbv2_ranger","EA",188,783.35
"rbv2_ranger","OP",188,160000
"rbv2_ranger","SM",188,515
"rbv2_ranger","RS",41164,160000
"rbv2_ranger","EA",41164,160000
"rbv2_ranger","OP",41164,764.8
"rbv2_ranger","SM",41164,679.95
"rbv2_ranger","RS",1475,160000
"rbv2_ranger","EA",1475,786.1
"rbv2_ranger","OP",1475,160000
"rbv2_ranger","SM",1475,744
"rbv2_ranger","RS",1476,160000
"rbv2_ranger","EA",1476,160000
"rbv2_ranger","OP",1476,160000
"rbv2_ranger","SM",1476,552.25
"rbv2_ranger","RS",1478,160000
"rbv2_ranger","EA",1478,775.3
"rbv2_ranger","OP",1478,160000
"rbv2_ranger","SM",1478,733.15
"rbv2_ranger","RS",1479,160000
"rbv2_ranger","EA",1479,160000
"rbv2_ranger","OP",1479,160000
"rbv2_ranger","SM",1479,480.05
"rbv2_ranger","RS",41212,160000
"rbv2_ranger","EA",41212,160000
"rbv2_ranger","OP",41212,160000
"rbv2_ranger","SM",41212,683.35
"rbv2_ranger","RS",1480,160000
"rbv2_ranger","EA",1480,160000
"rbv2_ranger","OP",1480,160000
"rbv2_ranger","SM",1480,635.8
"rbv2_ranger","RS",41143,160000
"rbv2_ranger","EA",41143,797.25
"rbv2_ranger","OP",41143,160000
"rbv2_ranger","SM",41143,622.1
"rbv2_ranger","RS",1053,160000
"rbv2_ranger","EA",1053,793.3
"rbv2_ranger","OP",1053,160000
"rbv2_ranger","SM",1053,689.3
"rbv2_ranger","RS",41027,160000
"rbv2_ranger","EA",41027,796.45
"rbv2_ranger","OP",41027,791.15
"rbv2_ranger","SM",41027,706.2
"rbv2_ranger","RS",1067,160000
"rbv2_ranger","EA",1067,789.7
"rbv2_ranger","OP",1067,160000
"rbv2_ranger","SM",1067,711.25
"rbv2_ranger","RS",1063,160000
"rbv2_ranger","EA",1063,160000
"rbv2_ranger","OP",1063,160000
"rbv2_ranger","SM",1063,581.75
"rbv2_ranger","RS",3,160000
"rbv2_ranger","EA",3,779.35
"rbv2_ranger","OP",3,160000
"rbv2_ranger","SM",3,667.75
"rbv2_ranger","RS",6,160000
"rbv2_ranger","EA",6,160000
"rbv2_ranger","OP",6,160000
"rbv2_ranger","SM",6,647.95
"rbv2_ranger","RS",1485,160000
"rbv2_ranger","EA",1485,799.25
"rbv2_ranger","OP",1485,160000
"rbv2_ranger","SM",1485,493
"rbv2_ranger","RS",1056,160000
"rbv2_ranger","EA",1056,160000
"rbv2_ranger","OP",1056,160000
"rbv2_ranger","SM",1056,707.75
"rbv2_ranger","RS",12,160000
"rbv2_ranger","EA",12,160000
"rbv2_ranger","OP",12,160000
"rbv2_ranger","SM",12,611.8
"rbv2_ranger","RS",14,160000
"rbv2_ranger","EA",14,796.85
"rbv2_ranger","OP",14,769.4
"rbv2_ranger","SM",14,697.65
"rbv2_ranger","RS",16,160000
"rbv2_ranger","EA",16,160000
"rbv2_ranger","OP",16,160000
"rbv2_ranger","SM",16,634.85
"rbv2_ranger","RS",18,160000
"rbv2_ranger","EA",18,780.05
"rbv2_ranger","OP",18,160000
"rbv2_ranger","SM",18,742.3
"rbv2_ranger","RS",40979,160000
"rbv2_ranger","EA",40979,160000
"rbv2_ranger","OP",40979,160000
"rbv2_ranger","SM",40979,610.95
"rbv2_ranger","RS",22,160000
"rbv2_ranger","EA",22,160000
"rbv2_ranger","OP",22,160000
"rbv2_ranger","SM",22,644.4
"rbv2_ranger","RS",1515,160000
"rbv2_ranger","EA",1515,788.85
"rbv2_ranger","OP",1515,160000
"rbv2_ranger","SM",1515,731.6
"rbv2_ranger","RS",334,160000
"rbv2_ranger","EA",334,794.85
"rbv2_ranger","OP",334,160000
"rbv2_ranger","SM",334,626.25
"rbv2_ranger","RS",24,160000
"rbv2_ranger","EA",24,798.85
"rbv2_ranger","OP",24,160000
"rbv2_ranger","SM",24,532.85
"rbv2_ranger","RS",1486,160000
"rbv2_ranger","EA",1486,160000
"rbv2_ranger","OP",1486,160000
"rbv2_ranger","SM",1486,741.65
"rbv2_ranger","RS",41278,160000
"rbv2_ranger","EA",41278,160000
"rbv2_ranger","OP",41278,160000
"rbv2_ranger","SM",41278,708.85
"rbv2_ranger","RS",28,160000
"rbv2_ranger","EA",28,160000
"rbv2_ranger","OP",28,160000
"rbv2_ranger","SM",28,607.15
"rbv2_ranger","RS",1487,160000
"rbv2_ranger","EA",1487,774.45
"rbv2_ranger","OP",1487,160000
"rbv2_ranger","SM",1487,574.6
"rbv2_ranger","RS",1068,160000
"rbv2_ranger","EA",1068,160000
"rbv2_ranger","OP",1068,748.95
"rbv2_ranger","SM",1068,614.3
"rbv2_ranger","RS",1050,160000
"rbv2_ranger","EA",1050,160000
"rbv2_ranger","OP",1050,797.1
"rbv2_ranger","SM",1050,608.85
"rbv2_ranger","RS",1049,160000
"rbv2_ranger","EA",1049,798.85
"rbv2_ranger","OP",1049,160000
"rbv2_ranger","SM",1049,576.65
"rbv2_ranger","RS",32,160000
"rbv2_ranger","EA",32,160000
"rbv2_ranger","OP",32,160000
"rbv2_ranger","SM",32,542.55
"rbv2_ranger","RS",1489,160000
"rbv2_ranger","EA",1489,160000
"rbv2_ranger","OP",1489,160000
"rbv2_ranger","SM",1489,583.6
"rbv2_ranger","RS",470,160000
"rbv2_ranger","EA",470,160000
"rbv2_ranger","OP",470,160000
"rbv2_ranger","SM",470,689.4
"rbv2_ranger","RS",1494,160000
"rbv2_ranger","EA",1494,160000
"rbv2_ranger","OP",1494,160000
"rbv2_ranger","SM",1494,719.55
"rbv2_ranger","RS",182,160000
"rbv2_ranger","EA",182,784.45
"rbv2_ranger","OP",182,796.3
"rbv2_ranger","SM",182,722.5
"rbv2_ranger","RS",312,160000
"rbv2_ranger","EA",312,785.25
"rbv2_ranger","OP",312,160000
"rbv2_ranger","SM",312,464.75
"rbv2_ranger","RS",40984,160000
"rbv2_ranger","EA",40984,160000
"rbv2_ranger","OP",40984,160000
"rbv2_ranger","SM",40984,721
"rbv2_ranger","RS",1501,160000
"rbv2_ranger","EA",1501,160000
"rbv2_ranger","OP",1501,160000
"rbv2_ranger","SM",1501,504.05
"rbv2_ranger","RS",40685,160000
"rbv2_ranger","EA",40685,160000
"rbv2_ranger","OP",40685,160000
"rbv2_ranger","SM",40685,692.6
"rbv2_ranger","RS",38,160000
"rbv2_ranger","EA",38,789.35
"rbv2_ranger","OP",38,160000
"rbv2_ranger","SM",38,509.75
"rbv2_ranger","RS",42,160000
"rbv2_ranger","EA",42,160000
"rbv2_ranger","OP",42,160000
"rbv2_ranger","SM",42,594.85
"rbv2_ranger","RS",44,160000
"rbv2_ranger","EA",44,773.65
"rbv2_ranger","OP",44,160000
"rbv2_ranger","SM",44,722.55
"rbv2_ranger","RS",46,160000
"rbv2_ranger","EA",46,792.45
"rbv2_ranger","OP",46,160000
"rbv2_ranger","SM",46,716.9
"rbv2_ranger","RS",40982,160000
"rbv2_ranger","EA",40982,792.85
"rbv2_ranger","OP",40982,160000
"rbv2_ranger","SM",40982,530.25
"rbv2_ranger","RS",1040,160000
"rbv2_ranger","EA",1040,769.15
"rbv2_ranger","OP",1040,160000
"rbv2_ranger","SM",1040,511.45
"rbv2_ranger","RS",41146,160000
"rbv2_ranger","EA",41146,793.65
"rbv2_ranger","OP",41146,160000
"rbv2_ranger","SM",41146,628.45
"rbv2_ranger","RS",377,160000
"rbv2_ranger","EA",377,160000
"rbv2_ranger","OP",377,160000
"rbv2_ranger","SM",377,642.5
"rbv2_ranger","RS",40499,160000
"rbv2_ranger","EA",40499,160000
"rbv2_ranger","OP",40499,160000
"rbv2_ranger","SM",40499,564.6
"rbv2_ranger","RS",50,160000
"rbv2_ranger","EA",50,790.1
"rbv2_ranger","OP",50,160000
"rbv2_ranger","SM",50,619.95
"rbv2_ranger","RS",54,160000
"rbv2_ranger","EA",54,160000
"rbv2_ranger","OP",54,160000
"rbv2_ranger","SM",54,549.75
"rbv2_ranger","RS",41216,160000
"rbv2_ranger","EA",41216,160000
"rbv2_ranger","OP",41216,160000
"rbv2_ranger","SM",41216,736.2
"rbv2_ranger","RS",307,160000
"rbv2_ranger","EA",307,160000
"rbv2_ranger","OP",307,160000
"rbv2_ranger","SM",307,667.65
"rbv2_ranger","RS",1497,160000
"rbv2_ranger","EA",1497,794.1
"rbv2_ranger","OP",1497,719.05
"rbv2_ranger","SM",1497,623.3
"rbv2_ranger","RS",60,160000
"rbv2_ranger","EA",60,798.05
"rbv2_ranger","OP",60,160000
"rbv2_ranger","SM",60,599.7
"rbv2_ranger","RS",1510,160000
"rbv2_ranger","EA",1510,160000
"rbv2_ranger","OP",1510,160000
"rbv2_ranger","SM",1510,610
"rbv2_ranger","RS",40983,160000
"rbv2_ranger","EA",40983,789.65
"rbv2_ranger","OP",40983,160000
"rbv2_ranger","SM",40983,537.45
"rbv2_ranger","RS",40498,160000
"rbv2_ranger","EA",40498,160000
"rbv2_ranger","OP",40498,160000
"rbv2_ranger","SM",40498,629.2
"rbv2_ranger","RS",181,160000
"rbv2_ranger","EA",181,160000
"rbv2_ranger","OP",181,160000
"rbv2_ranger","SM",181,677.5
"rbv2_ranger","RS",41138,160000
"rbv2_ranger","EA",41138,420.15
"rbv2_ranger","OP",41138,281.25
"rbv2_ranger","SM",41138,143.6
"rbv2_ranger","RS",41163,160000
"rbv2_ranger","EA",41163,160000
"rbv2_ranger","OP",41163,160000
"rbv2_ranger","SM",41163,719.2
"rbv2_ranger","RS",1111,744.9
"rbv2_ranger","EA",1111,248
"rbv2_ranger","OP",1111,182.05
"rbv2_ranger","SM",1111,106.45
"rbv2_ranger","RS",41159,566.85
"rbv2_ranger","EA",41159,105
"rbv2_ranger","OP",41159,54.85
"rbv2_ranger","SM",41159,85.85
"rbv2_ranger","RS",300,160000
"rbv2_ranger","EA",300,160000
"rbv2_ranger","OP",300,160000
"rbv2_ranger","SM",300,677.1
"rbv2_ranger","RS",41162,160000
"rbv2_ranger","EA",41162,761.1
"rbv2_ranger","OP",41162,160000
"rbv2_ranger","SM",41162,398.8
"rbv2_ranger","RS",23517,160000
"rbv2_ranger","EA",23517,796.85
"rbv2_ranger","OP",23517,160000
"rbv2_ranger","SM",23517,657.55
"rbv2_ranger","RS",41165,160000
"rbv2_ranger","EA",41165,730.85
"rbv2_ranger","OP",41165,160000
"rbv2_ranger","SM",41165,546.5
"rbv2_ranger","RS",4541,160000
"rbv2_ranger","EA",4541,580.5
"rbv2_ranger","OP",4541,502.1
"rbv2_ranger","SM",4541,213.1
"rbv2_ranger","RS",41161,136.85
"rbv2_ranger","EA",41161,194.4
"rbv2_ranger","OP",41161,108.2
"rbv2_ranger","SM",41161,54.6
"rbv2_ranger","RS",41166,160000
"rbv2_ranger","EA",41166,775.35
"rbv2_ranger","OP",41166,160000
"rbv2_ranger","SM",41166,702.6
"rbv2_ranger","RS",40927,34.15
"rbv2_ranger","EA",40927,30.9
"rbv2_ranger","OP",40927,10.8
"rbv2_ranger","SM",40927,28.5
"rbv2_ranger","RS",41150,160000
"rbv2_ranger","EA",41150,300.6
"rbv2_ranger","OP",41150,506.55
"rbv2_ranger","SM",41150,169.4
"rbv2_ranger","RS",23512,160000
"rbv2_ranger","EA",23512,768.35
"rbv2_ranger","OP",23512,160000
"rbv2_ranger","SM",23512,525.7
"rbv2_ranger","RS",41168,160000
"rbv2_ranger","EA",41168,160000
"rbv2_ranger","OP",41168,160000
"rbv2_ranger","SM",41168,736.8
"rbv2_ranger","RS",1493,160000
"rbv2_ranger","EA",1493,160000
"rbv2_ranger","OP",1493,160000
"rbv2_ranger","SM",1493,698.3
"rbv2_ranger","RS",40996,770.8
"rbv2_ranger","EA",40996,194.95
"rbv2_ranger","OP",40996,82.95
"rbv2_ranger","SM",40996,102.45
"rbv2_ranger","RS",554,757.3
"rbv2_ranger","EA",554,274.35
"rbv2_ranger","OP",554,77.8
"rbv2_ranger","SM",554,99.1
"rbv2_ranger","RS",40923,156
"rbv2_ranger","EA",40923,75.35
"rbv2_ranger","OP",40923,66.55
"rbv2_ranger","SM",40923,55.65
"rbv2_ranger","RS",41169,160000
"rbv2_ranger","EA",41169,335.2
"rbv2_ranger","OP",41169,290.2
"rbv2_ranger","SM",41169,189
"rbv2_svm","RS",40981,120000
"rbv2_svm","EA",40981,576.4
"rbv2_svm","OP",40981,120000
"rbv2_svm","SM",40981,587.75
"rbv2_svm","RS",4134,120000
"rbv2_svm","EA",4134,566.55
"rbv2_svm","OP",4134,120000
"rbv2_svm","SM",4134,120000
"rbv2_svm","RS",1220,120000
"rbv2_svm","EA",1220,562.45
"rbv2_svm","OP",1220,120000
"rbv2_svm","SM",1220,120000
"rbv2_svm","RS",40978,485.55
"rbv2_svm","EA",40978,587.2
"rbv2_svm","OP",40978,120000
"rbv2_svm","SM",40978,560.15
"rbv2_svm","RS",40966,344.2
"rbv2_svm","EA",40966,120000
"rbv2_svm","OP",40966,587.4
"rbv2_svm","SM",40966,293.15
"rbv2_svm","RS",40536,252.75
"rbv2_svm","EA",40536,120000
"rbv2_svm","OP",40536,120000
"rbv2_svm","SM",40536,557.15
"rbv2_svm","RS",41156,120000
"rbv2_svm","EA",41156,120000
"rbv2_svm","OP",41156,120000
"rbv2_svm","SM",41156,540.4
"rbv2_svm","RS",458,35.75
"rbv2_svm","EA",458,595.25
"rbv2_svm","OP",458,120000
"rbv2_svm","SM",458,400.25
"rbv2_svm","RS",41157,120000
"rbv2_svm","EA",41157,120000
"rbv2_svm","OP",41157,120000
"rbv2_svm","SM",41157,431.45
"rbv2_svm","RS",40975,120000
"rbv2_svm","EA",40975,554.5
"rbv2_svm","OP",40975,438.1
"rbv2_svm","SM",40975,303.55
"rbv2_svm","RS",40994,405.05
"rbv2_svm","EA",40994,120000
"rbv2_svm","OP",40994,120000
"rbv2_svm","SM",40994,544.85
"rbv2_svm","RS",1468,120000
"rbv2_svm","EA",1468,571.1
"rbv2_svm","OP",1468,120000
"rbv2_svm","SM",1468,120000
"rbv2_svm","RS",6332,120000
"rbv2_svm","EA",6332,120000
"rbv2_svm","OP",6332,120000
"rbv2_svm","SM",6332,466.9
"rbv2_svm","RS",40670,568.2
"rbv2_svm","EA",40670,588.05
"rbv2_svm","OP",40670,120000
"rbv2_svm","SM",40670,564.45
"rbv2_svm","RS",151,548.8
"rbv2_svm","EA",151,585.95
"rbv2_svm","OP",151,120000
"rbv2_svm","SM",151,583.1
"rbv2_svm","RS",1475,63.65
"rbv2_svm","EA",1475,120000
"rbv2_svm","OP",1475,120000
"rbv2_svm","SM",1475,575.9
"rbv2_svm","RS",1476,68.65
"rbv2_svm","EA",1476,592
"rbv2_svm","OP",1476,120000
"rbv2_svm","SM",1476,571.1
"rbv2_svm","RS",1478,56.05
"rbv2_svm","EA",1478,120000
"rbv2_svm","OP",1478,120000
"rbv2_svm","SM",1478,470.95
"rbv2_svm","RS",1479,120000
"rbv2_svm","EA",1479,591.65
"rbv2_svm","OP",1479,120000
"rbv2_svm","SM",1479,468.35
"rbv2_svm","RS",41212,406.55
"rbv2_svm","EA",41212,576.35
"rbv2_svm","OP",41212,120000
"rbv2_svm","SM",41212,120000
"rbv2_svm","RS",1480,260.95
"rbv2_svm","EA",1480,568.9
"rbv2_svm","OP",1480,120000
"rbv2_svm","SM",1480,120000
"rbv2_svm","RS",1053,599.85
"rbv2_svm","EA",1053,570.1
"rbv2_svm","OP",1053,120000
"rbv2_svm","SM",1053,120000
"rbv2_svm","RS",1067,66.95
"rbv2_svm","EA",1067,120000
"rbv2_svm","OP",1067,120000
"rbv2_svm","SM",1067,533
"rbv2_svm","RS",1056,120000
"rbv2_svm","EA",1056,585.4
"rbv2_svm","OP",1056,120000
"rbv2_svm","SM",1056,580.25
"rbv2_svm","RS",12,572.25
"rbv2_svm","EA",12,593.2
"rbv2_svm","OP",12,120000
"rbv2_svm","SM",12,553.8
"rbv2_svm","RS",1487,120000
"rbv2_svm","EA",1487,120000
"rbv2_svm","OP",1487,120000
"rbv2_svm","SM",1487,499.6
"rbv2_svm","RS",1068,120000
"rbv2_svm","EA",1068,595.55
"rbv2_svm","OP",1068,120000
"rbv2_svm","SM",1068,517.45
"rbv2_svm","RS",32,120000
"rbv2_svm","EA",32,563.4
"rbv2_svm","OP",32,120000
"rbv2_svm","SM",32,301.2
"rbv2_svm","RS",470,120000
"rbv2_svm","EA",470,574.75
"rbv2_svm","OP",470,120000
"rbv2_svm","SM",470,586.85
"rbv2_svm","RS",312,120000
"rbv2_svm","EA",312,578.5
"rbv2_svm","OP",312,120000
"rbv2_svm","SM",312,583.05
"rbv2_svm","RS",38,43.25
"rbv2_svm","EA",38,587.45
"rbv2_svm","OP",38,120000
"rbv2_svm","SM",38,120000
"rbv2_svm","RS",40982,35.1
"rbv2_svm","EA",40982,587.75
"rbv2_svm","OP",40982,120000
"rbv2_svm","SM",40982,120000
"rbv2_svm","RS",50,120000
"rbv2_svm","EA",50,569.6
"rbv2_svm","OP",50,120000
"rbv2_svm","SM",50,315.4
"rbv2_svm","RS",41216,39.9
"rbv2_svm","EA",41216,588.7
"rbv2_svm","OP",41216,120000
"rbv2_svm","SM",41216,120000
"rbv2_svm","RS",307,114.45
"rbv2_svm","EA",307,120000
"rbv2_svm","OP",307,582.2
"rbv2_svm","SM",307,383.85
"rbv2_svm","RS",40498,120000
"rbv2_svm","EA",40498,599.15
"rbv2_svm","OP",40498,120000
"rbv2_svm","SM",40498,547.45
"rbv2_svm","RS",181,574.1
"rbv2_svm","EA",181,582.75
"rbv2_svm","OP",181,120000
"rbv2_svm","SM",181,566.8
"rbv2_svm","RS",1464,111.8
"rbv2_svm","EA",1464,576.1
"rbv2_svm","OP",1464,120000
"rbv2_svm","SM",1464,120000
"rbv2_svm","RS",41164,37
"rbv2_svm","EA",41164,120000
"rbv2_svm","OP",41164,120000
"rbv2_svm","SM",41164,577.1
"rbv2_svm","RS",16,553.3
"rbv2_svm","EA",16,561.3
"rbv2_svm","OP",16,579
"rbv2_svm","SM",16,383.95
"rbv2_svm","RS",1461,120000
"rbv2_svm","EA",1461,120000
"rbv2_svm","OP",1461,120000
"rbv2_svm","SM",1461,511
"rbv2_svm","RS",41162,557.8
"rbv2_svm","EA",41162,585.95
"rbv2_svm","OP",41162,120000
"rbv2_svm","SM",41162,555
"rbv2_svm","RS",6,50.6
"rbv2_svm","EA",6,120000
"rbv2_svm","OP",6,120000
"rbv2_svm","SM",6,485.8
"rbv2_svm","RS",14,534.05
"rbv2_svm","EA",14,591.35
"rbv2_svm","OP",14,120000
"rbv2_svm","SM",14,540.9
"rbv2_svm","RS",1494,33.7
"rbv2_svm","EA",1494,120000
"rbv2_svm","OP",1494,120000
"rbv2_svm","SM",1494,575.95
"rbv2_svm","RS",54,356.45
"rbv2_svm","EA",54,120000
"rbv2_svm","OP",54,120000
"rbv2_svm","SM",54,400.6
"rbv2_svm","RS",375,99.9
"rbv2_svm","EA",375,589.85
"rbv2_svm","OP",375,120000
"rbv2_svm","SM",375,450.6
"rbv2_svm","RS",1590,46.45
"rbv2_svm","EA",1590,120000
"rbv2_svm","OP",1590,120000
"rbv2_svm","SM",1590,594.05
"rbv2_svm","RS",23,120000
"rbv2_svm","EA",23,120000
"rbv2_svm","OP",23,120000
"rbv2_svm","SM",23,496
"rbv2_svm","RS",41163,73.5
"rbv2_svm","EA",41163,120000
"rbv2_svm","OP",41163,120000
"rbv2_svm","SM",41163,529.35
"rbv2_svm","RS",1111,252.55
"rbv2_svm","EA",1111,574.85
"rbv2_svm","OP",1111,120000
"rbv2_svm","SM",1111,120000
"rbv2_svm","RS",41027,456.15
"rbv2_svm","EA",41027,574.6
"rbv2_svm","OP",41027,120000
"rbv2_svm","SM",41027,120000
"rbv2_svm","RS",40668,204.5
"rbv2_svm","EA",40668,597.4
"rbv2_svm","OP",40668,120000
"rbv2_svm","SM",40668,489.7
"rbv2_svm","RS",41138,23.65
"rbv2_svm","EA",41138,120000
"rbv2_svm","OP",41138,120000
"rbv2_svm","SM",41138,120000
"rbv2_svm","RS",4135,316
"rbv2_svm","EA",4135,584.2
"rbv2_svm","OP",4135,120000
"rbv2_svm","SM",4135,534
"rbv2_svm","RS",4538,39.75
"rbv2_svm","EA",4538,120000
"rbv2_svm","OP",4538,120000
"rbv2_svm","SM",4538,120000
"rbv2_svm","RS",40496,120000
"rbv2_svm","EA",40496,585.1
"rbv2_svm","OP",40496,120000
"rbv2_svm","SM",40496,582.25
"rbv2_svm","RS",4534,570.7
"rbv2_svm","EA",4534,120000
"rbv2_svm","OP",4534,120000
"rbv2_svm","SM",4534,510.65
"rbv2_svm","RS",40900,120000
"rbv2_svm","EA",40900,583.65
"rbv2_svm","OP",40900,120000
"rbv2_svm","SM",40900,564.3
"rbv2_svm","RS",1457,120000
"rbv2_svm","EA",1457,595.85
"rbv2_svm","OP",1457,120000
"rbv2_svm","SM",1457,543.2
"rbv2_svm","RS",11,144
"rbv2_svm","EA",11,580.25
"rbv2_svm","OP",11,120000
"rbv2_svm","SM",11,120000
"rbv2_svm","RS",1462,120000
"rbv2_svm","EA",1462,582.4
"rbv2_svm","OP",1462,120000
"rbv2_svm","SM",1462,585.55
"rbv2_svm","RS",41142,120000
"rbv2_svm","EA",41142,120000
"rbv2_svm","OP",41142,120000
"rbv2_svm","SM",41142,503.6
"rbv2_svm","RS",40701,173.4
"rbv2_svm","EA",40701,120000
"rbv2_svm","OP",40701,120000
"rbv2_svm","SM",40701,528.9
"rbv2_svm","RS",29,120000
"rbv2_svm","EA",29,581.3
"rbv2_svm","OP",29,120000
"rbv2_svm","SM",29,561.55
"rbv2_svm","RS",37,26.3
"rbv2_svm","EA",37,120000
"rbv2_svm","OP",37,120000
"rbv2_svm","SM",37,555.65
"rbv2_svm","RS",23381,586.75
"rbv2_svm","EA",23381,569.9
"rbv2_svm","OP",23381,120000
"rbv2_svm","SM",23381,120000
"rbv2_svm","RS",188,120000
"rbv2_svm","EA",188,578.05
"rbv2_svm","OP",188,120000
"rbv2_svm","SM",188,581.2
"rbv2_svm","RS",41143,119
"rbv2_svm","EA",41143,579.35
"rbv2_svm","OP",41143,584.7
"rbv2_svm","SM",41143,120000
"rbv2_svm","RS",1063,199.1
"rbv2_svm","EA",1063,565.3
"rbv2_svm","OP",1063,120000
"rbv2_svm","SM",1063,120000
"rbv2_svm","RS",3,488.95
"rbv2_svm","EA",3,493.5
"rbv2_svm","OP",3,493.35
"rbv2_svm","SM",3,247.85
"rbv2_svm","RS",18,120000
"rbv2_svm","EA",18,583.55
"rbv2_svm","OP",18,120000
"rbv2_svm","SM",18,565.8
"rbv2_svm","RS",40979,551
"rbv2_svm","EA",40979,593.6
"rbv2_svm","OP",40979,120000
"rbv2_svm","SM",40979,301.9
"rbv2_svm","RS",22,128.75
"rbv2_svm","EA",22,577.1
"rbv2_svm","OP",22,120000
"rbv2_svm","SM",22,585.65
"rbv2_svm","RS",1515,120000
"rbv2_svm","EA",1515,585.1
"rbv2_svm","OP",1515,120000
"rbv2_svm","SM",1515,269.9
"rbv2_svm","RS",334,120000
"rbv2_svm","EA",334,597.65
"rbv2_svm","OP",334,120000
"rbv2_svm","SM",334,477.6
"rbv2_svm","RS",24,488.95
"rbv2_svm","EA",24,516.05
"rbv2_svm","OP",24,333.15
"rbv2_svm","SM",24,195.75
"rbv2_svm","RS",1493,66.05
"rbv2_svm","EA",1493,120000
"rbv2_svm","OP",1493,120000
"rbv2_svm","SM",1493,538.45
"rbv2_svm","RS",28,120000
"rbv2_svm","EA",28,120000
"rbv2_svm","OP",28,583.8
"rbv2_svm","SM",28,493
"rbv2_svm","RS",1050,570.3
"rbv2_svm","EA",1050,599.75
"rbv2_svm","OP",1050,120000
"rbv2_svm","SM",1050,502.2
"rbv2_svm","RS",1049,120000
"rbv2_svm","EA",1049,595.55
"rbv2_svm","OP",1049,120000
"rbv2_svm","SM",1049,547.75
"rbv2_svm","RS",40984,193.3
"rbv2_svm","EA",40984,120000
"rbv2_svm","OP",40984,120000
"rbv2_svm","SM",40984,541.3
"rbv2_svm","RS",40685,120000
"rbv2_svm","EA",40685,596.5
"rbv2_svm","OP",40685,120000
"rbv2_svm","SM",40685,555.5
"rbv2_svm","RS",42,120000
"rbv2_svm","EA",42,120000
"rbv2_svm","OP",42,120000
"rbv2_svm","SM",42,527.95
"rbv2_svm","RS",44,276.25
"rbv2_svm","EA",44,586
"rbv2_svm","OP",44,120000
"rbv2_svm","SM",44,570.75
"rbv2_svm","RS",46,178.9
"rbv2_svm","EA",46,566.65
"rbv2_svm","OP",46,507.3
"rbv2_svm","SM",46,285.65
"rbv2_svm","RS",1040,120000
"rbv2_svm","EA",1040,543.8
"rbv2_svm","OP",1040,120000
"rbv2_svm","SM",1040,325
"rbv2_svm","RS",41146,82.4
"rbv2_svm","EA",41146,599.75
"rbv2_svm","OP",41146,120000
"rbv2_svm","SM",41146,467.05
"rbv2_svm","RS",377,39.1
"rbv2_svm","EA",377,591.7
"rbv2_svm","OP",377,120000
"rbv2_svm","SM",377,120000
"rbv2_svm","RS",40499,68.9
"rbv2_svm","EA",40499,120000
"rbv2_svm","OP",40499,574.8
"rbv2_svm","SM",40499,473.75
"rbv2_svm","RS",1497,88.55
"rbv2_svm","EA",1497,120000
"rbv2_svm","OP",1497,120000
"rbv2_svm","SM",1497,486.85
"rbv2_svm","RS",60,120000
"rbv2_svm","EA",60,120000
"rbv2_svm","OP",60,120000
"rbv2_svm","SM",60,534.65
"rbv2_svm","RS",40983,296.85
"rbv2_svm","EA",40983,574.6
"rbv2_svm","OP",40983,120000
"rbv2_svm","SM",40983,120000
"rbv2_svm","RS",4154,572.1
"rbv2_svm","EA",4154,519.4
"rbv2_svm","OP",4154,580.75
"rbv2_svm","SM",4154,248.15
"rbv2_svm","RS",469,120000
"rbv2_svm","EA",469,120000
"rbv2_svm","OP",469,120000
"rbv2_svm","SM",469,472.6
"rbv2_svm","RS",31,120000
"rbv2_svm","EA",31,120000
"rbv2_svm","OP",31,120000
"rbv2_svm","SM",31,527.55
"rbv2_svm","RS",41278,102.35
"rbv2_svm","EA",41278,582.65
"rbv2_svm","OP",41278,120000
"rbv2_svm","SM",41278,120000
"rbv2_svm","RS",1489,120000
"rbv2_svm","EA",1489,120000
"rbv2_svm","OP",1489,120000
"rbv2_svm","SM",1489,547.9
"rbv2_svm","RS",1501,567.85
"rbv2_svm","EA",1501,120000
"rbv2_svm","OP",1501,120000
"rbv2_svm","SM",1501,508.4
"rbv2_svm","RS",15,17.6
"rbv2_svm","EA",15,595.55
"rbv2_svm","OP",15,120000
"rbv2_svm","SM",15,120000
"rbv2_svm","RS",300,120000
"rbv2_svm","EA",300,589.3
"rbv2_svm","OP",300,120000
"rbv2_svm","SM",300,504.25
"rbv2_svm","RS",1485,120000
"rbv2_svm","EA",1485,594.05
"rbv2_svm","OP",1485,120000
"rbv2_svm","SM",1485,555.55
"rbv2_svm","RS",1486,120000
"rbv2_svm","EA",1486,120000
"rbv2_svm","OP",1486,120000
"rbv2_svm","SM",1486,538.75
"rbv2_svm","RS",1510,321.05
"rbv2_svm","EA",1510,595
"rbv2_svm","OP",1510,120000
"rbv2_svm","SM",1510,553.8
"rbv2_svm","RS",182,134.65
"rbv2_svm","EA",182,120000
"rbv2_svm","OP",182,120000
"rbv2_svm","SM",182,543.9
"rbv2_svm","RS",41169,480.45
"rbv2_svm","EA",41169,120000
"rbv2_svm","OP",41169,120000
"rbv2_svm","SM",41169,497.4
"rbv2_rpart","RS",41138,1e+05
"rbv2_rpart","EA",41138,482.4
"rbv2_rpart","OP",41138,1e+05
"rbv2_rpart","SM",41138,344.8
"rbv2_rpart","RS",4135,1e+05
"rbv2_rpart","EA",4135,358.5
"rbv2_rpart","OP",4135,1e+05
"rbv2_rpart","SM",4135,241.9
"rbv2_rpart","RS",40981,1e+05
"rbv2_rpart","EA",40981,455.1
"rbv2_rpart","OP",40981,1e+05
"rbv2_rpart","SM",40981,497.15
"rbv2_rpart","RS",4134,1e+05
"rbv2_rpart","EA",4134,497.55
"rbv2_rpart","OP",4134,1e+05
"rbv2_rpart","SM",4134,301.25
"rbv2_rpart","RS",40927,1e+05
"rbv2_rpart","EA",40927,475.95
"rbv2_rpart","OP",40927,1e+05
"rbv2_rpart","SM",40927,1e+05
"rbv2_rpart","RS",1220,1e+05
"rbv2_rpart","EA",1220,490.85
"rbv2_rpart","OP",1220,499.55
"rbv2_rpart","SM",1220,317.65
"rbv2_rpart","RS",4154,1e+05
"rbv2_rpart","EA",4154,467.45
"rbv2_rpart","OP",4154,1e+05
"rbv2_rpart","SM",4154,437.95
"rbv2_rpart","RS",40923,1e+05
"rbv2_rpart","EA",40923,463.25
"rbv2_rpart","OP",40923,1e+05
"rbv2_rpart","SM",40923,1e+05
"rbv2_rpart","RS",41163,1e+05
"rbv2_rpart","EA",41163,455.3
"rbv2_rpart","OP",41163,1e+05
"rbv2_rpart","SM",41163,1e+05
"rbv2_rpart","RS",40996,1e+05
"rbv2_rpart","EA",40996,443.2
"rbv2_rpart","OP",40996,1e+05
"rbv2_rpart","SM",40996,470.4
"rbv2_rpart","RS",4538,1e+05
"rbv2_rpart","EA",4538,468.8
"rbv2_rpart","OP",4538,1e+05
"rbv2_rpart","SM",4538,1e+05
"rbv2_rpart","RS",40978,1e+05
"rbv2_rpart","EA",40978,413.85
"rbv2_rpart","OP",40978,1e+05
"rbv2_rpart","SM",40978,435.1
"rbv2_rpart","RS",375,1e+05
"rbv2_rpart","EA",375,468.25
"rbv2_rpart","OP",375,1e+05
"rbv2_rpart","SM",375,1e+05
"rbv2_rpart","RS",1111,1e+05
"rbv2_rpart","EA",1111,438.65
"rbv2_rpart","OP",1111,1e+05
"rbv2_rpart","SM",1111,1e+05
"rbv2_rpart","RS",40496,1e+05
"rbv2_rpart","EA",40496,461.1
"rbv2_rpart","OP",40496,1e+05
"rbv2_rpart","SM",40496,1e+05
"rbv2_rpart","RS",40966,1e+05
"rbv2_rpart","EA",40966,450.85
"rbv2_rpart","OP",40966,1e+05
"rbv2_rpart","SM",40966,465.2
"rbv2_rpart","RS",41150,1e+05
"rbv2_rpart","EA",41150,443.3
"rbv2_rpart","OP",41150,1e+05
"rbv2_rpart","SM",41150,451.55
"rbv2_rpart","RS",4534,1e+05
"rbv2_rpart","EA",4534,470.4
"rbv2_rpart","OP",4534,1e+05
"rbv2_rpart","SM",4534,466.55
"rbv2_rpart","RS",40900,1e+05
"rbv2_rpart","EA",40900,472.65
"rbv2_rpart","OP",40900,1e+05
"rbv2_rpart","SM",40900,279.1
"rbv2_rpart","RS",40536,1e+05
"rbv2_rpart","EA",40536,455.55
"rbv2_rpart","OP",40536,1e+05
"rbv2_rpart","SM",40536,460.6
"rbv2_rpart","RS",41156,1e+05
"rbv2_rpart","EA",41156,495.55
"rbv2_rpart","OP",41156,1e+05
"rbv2_rpart","SM",41156,418.75
"rbv2_rpart","RS",1590,1e+05
"rbv2_rpart","EA",1590,476.6
"rbv2_rpart","OP",1590,1e+05
"rbv2_rpart","SM",1590,1e+05
"rbv2_rpart","RS",1457,1e+05
"rbv2_rpart","EA",1457,471.8
"rbv2_rpart","OP",1457,1e+05
"rbv2_rpart","SM",1457,323.6
"rbv2_rpart","RS",458,1e+05
"rbv2_rpart","EA",458,480.95
"rbv2_rpart","OP",458,1e+05
"rbv2_rpart","SM",458,343
"rbv2_rpart","RS",469,438.55
"rbv2_rpart","EA",469,492.3
"rbv2_rpart","OP",469,461.15
"rbv2_rpart","SM",469,462
"rbv2_rpart","RS",41157,1e+05
"rbv2_rpart","EA",41157,476.1
"rbv2_rpart","OP",41157,1e+05
"rbv2_rpart","SM",41157,446.4
"rbv2_rpart","RS",11,1e+05
"rbv2_rpart","EA",11,479.05
"rbv2_rpart","OP",11,1e+05
"rbv2_rpart","SM",11,283.65
"rbv2_rpart","RS",1461,1e+05
"rbv2_rpart","EA",1461,468.95
"rbv2_rpart","OP",1461,1e+05
"rbv2_rpart","SM",1461,411.3
"rbv2_rpart","RS",1462,1e+05
"rbv2_rpart","EA",1462,433.1
"rbv2_rpart","OP",1462,1e+05
"rbv2_rpart","SM",1462,442.25
"rbv2_rpart","RS",1464,1e+05
"rbv2_rpart","EA",1464,465.1
"rbv2_rpart","OP",1464,1e+05
"rbv2_rpart","SM",1464,447.6
"rbv2_rpart","RS",15,1e+05
"rbv2_rpart","EA",15,424.65
"rbv2_rpart","OP",15,1e+05
"rbv2_rpart","SM",15,463.65
"rbv2_rpart","RS",40975,1e+05
"rbv2_rpart","EA",40975,467.05
"rbv2_rpart","OP",40975,1e+05
"rbv2_rpart","SM",40975,488.4
"rbv2_rpart","RS",41142,1e+05
"rbv2_rpart","EA",41142,488.55
"rbv2_rpart","OP",41142,495.9
"rbv2_rpart","SM",41142,383.15
"rbv2_rpart","RS",40701,1e+05
"rbv2_rpart","EA",40701,414.85
"rbv2_rpart","OP",40701,1e+05
"rbv2_rpart","SM",40701,410.55
"rbv2_rpart","RS",40994,1e+05
"rbv2_rpart","EA",40994,480.35
"rbv2_rpart","OP",40994,1e+05
"rbv2_rpart","SM",40994,404
"rbv2_rpart","RS",23,1e+05
"rbv2_rpart","EA",23,478.85
"rbv2_rpart","OP",23,1e+05
"rbv2_rpart","SM",23,350.15
"rbv2_rpart","RS",1468,1e+05
"rbv2_rpart","EA",1468,455.05
"rbv2_rpart","OP",1468,1e+05
"rbv2_rpart","SM",1468,470.75
"rbv2_rpart","RS",40668,1e+05
"rbv2_rpart","EA",40668,452
"rbv2_rpart","OP",40668,1e+05
"rbv2_rpart","SM",40668,488.8
"rbv2_rpart","RS",29,1e+05
"rbv2_rpart","EA",29,476.7
"rbv2_rpart","OP",29,1e+05
"rbv2_rpart","SM",29,402
"rbv2_rpart","RS",31,1e+05
"rbv2_rpart","EA",31,476.2
"rbv2_rpart","OP",31,1e+05
"rbv2_rpart","SM",31,353.8
"rbv2_rpart","RS",6332,1e+05
"rbv2_rpart","EA",6332,458.75
"rbv2_rpart","OP",6332,1e+05
"rbv2_rpart","SM",6332,492
"rbv2_rpart","RS",37,1e+05
"rbv2_rpart","EA",37,435.75
"rbv2_rpart","OP",37,1e+05
"rbv2_rpart","SM",37,456.6
"rbv2_rpart","RS",4541,1e+05
"rbv2_rpart","EA",4541,422.9
"rbv2_rpart","OP",4541,1e+05
"rbv2_rpart","SM",4541,465.4
"rbv2_rpart","RS",40670,1e+05
"rbv2_rpart","EA",40670,464.6
"rbv2_rpart","OP",40670,1e+05
"rbv2_rpart","SM",40670,488.4
"rbv2_rpart","RS",23381,1e+05
"rbv2_rpart","EA",23381,484.65
"rbv2_rpart","OP",23381,1e+05
"rbv2_rpart","SM",23381,438.85
"rbv2_rpart","RS",151,1e+05
"rbv2_rpart","EA",151,468.55
"rbv2_rpart","OP",151,1e+05
"rbv2_rpart","SM",151,498.8
"rbv2_rpart","RS",188,1e+05
"rbv2_rpart","EA",188,479
"rbv2_rpart","OP",188,1e+05
"rbv2_rpart","SM",188,384.65
"rbv2_rpart","RS",41164,1e+05
"rbv2_rpart","EA",41164,496.55
"rbv2_rpart","OP",41164,1e+05
"rbv2_rpart","SM",41164,429.8
"rbv2_rpart","RS",1475,1e+05
"rbv2_rpart","EA",1475,493.05
"rbv2_rpart","OP",1475,1e+05
"rbv2_rpart","SM",1475,379.75
"rbv2_rpart","RS",1476,1e+05
"rbv2_rpart","EA",1476,457.05
"rbv2_rpart","OP",1476,1e+05
"rbv2_rpart","SM",1476,460.5
"rbv2_rpart","RS",41159,1e+05
"rbv2_rpart","EA",41159,465.3
"rbv2_rpart","OP",41159,1e+05
"rbv2_rpart","SM",41159,487.25
"rbv2_rpart","RS",1478,1e+05
"rbv2_rpart","EA",1478,421.25
"rbv2_rpart","OP",1478,1e+05
"rbv2_rpart","SM",1478,353.45
"rbv2_rpart","RS",41169,1e+05
"rbv2_rpart","EA",41169,482.15
"rbv2_rpart","OP",41169,1e+05
"rbv2_rpart","SM",41169,341.8
"rbv2_rpart","RS",23512,1e+05
"rbv2_rpart","EA",23512,481.15
"rbv2_rpart","OP",23512,1e+05
"rbv2_rpart","SM",23512,356.2
"rbv2_rpart","RS",1479,1e+05
"rbv2_rpart","EA",1479,479.1
"rbv2_rpart","OP",1479,1e+05
"rbv2_rpart","SM",1479,393.85
"rbv2_rpart","RS",41212,1e+05
"rbv2_rpart","EA",41212,470.25
"rbv2_rpart","OP",41212,1e+05
"rbv2_rpart","SM",41212,445.9
"rbv2_rpart","RS",1480,1e+05
"rbv2_rpart","EA",1480,474.25
"rbv2_rpart","OP",1480,1e+05
"rbv2_rpart","SM",1480,405.3
"rbv2_rpart","RS",300,1e+05
"rbv2_rpart","EA",300,458.1
"rbv2_rpart","OP",300,1e+05
"rbv2_rpart","SM",300,460
"rbv2_rpart","RS",41168,1e+05
"rbv2_rpart","EA",41168,418.85
"rbv2_rpart","OP",41168,1e+05
"rbv2_rpart","SM",41168,493.15
"rbv2_rpart","RS",41143,1e+05
"rbv2_rpart","EA",41143,455.2
"rbv2_rpart","OP",41143,1e+05
"rbv2_rpart","SM",41143,482
"rbv2_rpart","RS",1053,1e+05
"rbv2_rpart","EA",1053,450.85
"rbv2_rpart","OP",1053,1e+05
"rbv2_rpart","SM",1053,401.9
"rbv2_rpart","RS",41027,1e+05
"rbv2_rpart","EA",41027,474.8
"rbv2_rpart","OP",41027,1e+05
"rbv2_rpart","SM",41027,469.6
"rbv2_rpart","RS",1067,1e+05
"rbv2_rpart","EA",1067,477.4
"rbv2_rpart","OP",1067,1e+05
"rbv2_rpart","SM",1067,487.55
"rbv2_rpart","RS",1063,1e+05
"rbv2_rpart","EA",1063,480.1
"rbv2_rpart","OP",1063,1e+05
"rbv2_rpart","SM",1063,431.2
"rbv2_rpart","RS",41162,1e+05
"rbv2_rpart","EA",41162,488.65
"rbv2_rpart","OP",41162,1e+05
"rbv2_rpart","SM",41162,458.1
"rbv2_rpart","RS",3,1e+05
"rbv2_rpart","EA",3,385.5
"rbv2_rpart","OP",3,1e+05
"rbv2_rpart","SM",3,309.3
"rbv2_rpart","RS",6,1e+05
"rbv2_rpart","EA",6,470.7
"rbv2_rpart","OP",6,1e+05
"rbv2_rpart","SM",6,493.15
"rbv2_rpart","RS",1485,1e+05
"rbv2_rpart","EA",1485,461.9
"rbv2_rpart","OP",1485,1e+05
"rbv2_rpart","SM",1485,489.95
"rbv2_rpart","RS",1056,1e+05
"rbv2_rpart","EA",1056,484.3
"rbv2_rpart","OP",1056,1e+05
"rbv2_rpart","SM",1056,480.25
"rbv2_rpart","RS",12,1e+05
"rbv2_rpart","EA",12,469.1
"rbv2_rpart","OP",12,1e+05
"rbv2_rpart","SM",12,498.35
"rbv2_rpart","RS",14,1e+05
"rbv2_rpart","EA",14,458.15
"rbv2_rpart","OP",14,1e+05
"rbv2_rpart","SM",14,1e+05
"rbv2_rpart","RS",16,1e+05
"rbv2_rpart","EA",16,478.85
"rbv2_rpart","OP",16,1e+05
"rbv2_rpart","SM",16,265.3
"rbv2_rpart","RS",18,1e+05
"rbv2_rpart","EA",18,460.6
"rbv2_rpart","OP",18,1e+05
"rbv2_rpart","SM",18,429.5
"rbv2_rpart","RS",40979,1e+05
"rbv2_rpart","EA",40979,469.55
"rbv2_rpart","OP",40979,1e+05
"rbv2_rpart","SM",40979,427.95
"rbv2_rpart","RS",22,1e+05
"rbv2_rpart","EA",22,451.65
"rbv2_rpart","OP",22,1e+05
"rbv2_rpart","SM",22,1e+05
"rbv2_rpart","RS",1515,1e+05
"rbv2_rpart","EA",1515,483.35
"rbv2_rpart","OP",1515,499.5
"rbv2_rpart","SM",1515,228.55
"rbv2_rpart","RS",554,1e+05
"rbv2_rpart","EA",554,468.55
"rbv2_rpart","OP",554,1e+05
"rbv2_rpart","SM",554,1e+05
"rbv2_rpart","RS",334,1e+05
"rbv2_rpart","EA",334,470
"rbv2_rpart","OP",334,1e+05
"rbv2_rpart","SM",334,463.4
"rbv2_rpart","RS",24,1e+05
"rbv2_rpart","EA",24,431.65
"rbv2_rpart","OP",24,487.3
"rbv2_rpart","SM",24,206.45
"rbv2_rpart","RS",1486,1e+05
"rbv2_rpart","EA",1486,433.55
"rbv2_rpart","OP",1486,1e+05
"rbv2_rpart","SM",1486,377.2
"rbv2_rpart","RS",23517,1e+05
"rbv2_rpart","EA",23517,488.55
"rbv2_rpart","OP",23517,491.6
"rbv2_rpart","SM",23517,363.35
"rbv2_rpart","RS",1493,1e+05
"rbv2_rpart","EA",1493,476.2
"rbv2_rpart","OP",1493,1e+05
"rbv2_rpart","SM",1493,1e+05
"rbv2_rpart","RS",28,1e+05
"rbv2_rpart","EA",28,482.4
"rbv2_rpart","OP",28,1e+05
"rbv2_rpart","SM",28,314.55
"rbv2_rpart","RS",1487,1e+05
"rbv2_rpart","EA",1487,463.1
"rbv2_rpart","OP",1487,457.5
"rbv2_rpart","SM",1487,356
"rbv2_rpart","RS",1068,1e+05
"rbv2_rpart","EA",1068,428.45
"rbv2_rpart","OP",1068,483.1
"rbv2_rpart","SM",1068,296.05
"rbv2_rpart","RS",1050,407.6
"rbv2_rpart","EA",1050,456.85
"rbv2_rpart","OP",1050,1e+05
"rbv2_rpart","SM",1050,290.65
"rbv2_rpart","RS",1049,1e+05
"rbv2_rpart","EA",1049,461.95
"rbv2_rpart","OP",1049,1e+05
"rbv2_rpart","SM",1049,353.85
"rbv2_rpart","RS",32,1e+05
"rbv2_rpart","EA",32,452.85
"rbv2_rpart","OP",32,1e+05
"rbv2_rpart","SM",32,450.85
"rbv2_rpart","RS",1489,1e+05
"rbv2_rpart","EA",1489,473.95
"rbv2_rpart","OP",1489,1e+05
"rbv2_rpart","SM",1489,450.75
"rbv2_rpart","RS",470,1e+05
"rbv2_rpart","EA",470,476.65
"rbv2_rpart","OP",470,1e+05
"rbv2_rpart","SM",470,369.7
"rbv2_rpart","RS",1494,1e+05
"rbv2_rpart","EA",1494,456.9
"rbv2_rpart","OP",1494,1e+05
"rbv2_rpart","SM",1494,470.55
"rbv2_rpart","RS",41161,1e+05
"rbv2_rpart","EA",41161,462.95
"rbv2_rpart","OP",41161,1e+05
"rbv2_rpart","SM",41161,496.35
"rbv2_rpart","RS",41165,1e+05
"rbv2_rpart","EA",41165,459.65
"rbv2_rpart","OP",41165,1e+05
"rbv2_rpart","SM",41165,405.15
"rbv2_rpart","RS",182,1e+05
"rbv2_rpart","EA",182,432.7
"rbv2_rpart","OP",182,1e+05
"rbv2_rpart","SM",182,1e+05
"rbv2_rpart","RS",312,1e+05
"rbv2_rpart","EA",312,465.55
"rbv2_rpart","OP",312,1e+05
"rbv2_rpart","SM",312,390.2
"rbv2_rpart","RS",40984,1e+05
"rbv2_rpart","EA",40984,409.35
"rbv2_rpart","OP",40984,1e+05
"rbv2_rpart","SM",40984,377.55
"rbv2_rpart","RS",1501,1e+05
"rbv2_rpart","EA",1501,465.65
"rbv2_rpart","OP",1501,1e+05
"rbv2_rpart","SM",1501,496.05
"rbv2_rpart","RS",40685,1e+05
"rbv2_rpart","EA",40685,481.7
"rbv2_rpart","OP",40685,1e+05
"rbv2_rpart","SM",40685,312.05
"rbv2_rpart","RS",38,1e+05
"rbv2_rpart","EA",38,422.05
"rbv2_rpart","OP",38,1e+05
"rbv2_rpart","SM",38,260.25
"rbv2_rpart","RS",42,1e+05
"rbv2_rpart","EA",42,419.5
"rbv2_rpart","OP",42,1e+05
"rbv2_rpart","SM",42,1e+05
"rbv2_rpart","RS",44,1e+05
"rbv2_rpart","EA",44,462.25
"rbv2_rpart","OP",44,1e+05
"rbv2_rpart","SM",44,473.6
"rbv2_rpart","RS",46,1e+05
"rbv2_rpart","EA",46,472.4
"rbv2_rpart","OP",46,1e+05
"rbv2_rpart","SM",46,420.95
"rbv2_rpart","RS",40982,1e+05
"rbv2_rpart","EA",40982,465.35
"rbv2_rpart","OP",40982,1e+05
"rbv2_rpart","SM",40982,483.95
"rbv2_rpart","RS",1040,1e+05
"rbv2_rpart","EA",1040,448.6
"rbv2_rpart","OP",1040,1e+05
"rbv2_rpart","SM",1040,412.3
"rbv2_rpart","RS",41146,1e+05
"rbv2_rpart","EA",41146,476.15
"rbv2_rpart","OP",41146,1e+05
"rbv2_rpart","SM",41146,438.15
"rbv2_rpart","RS",377,1e+05
"rbv2_rpart","EA",377,466.35
"rbv2_rpart","OP",377,1e+05
"rbv2_rpart","SM",377,486.45
"rbv2_rpart","RS",40499,1e+05
"rbv2_rpart","EA",40499,434.85
"rbv2_rpart","OP",40499,1e+05
"rbv2_rpart","SM",40499,484.7
"rbv2_rpart","RS",50,1e+05
"rbv2_rpart","EA",50,463.65
"rbv2_rpart","OP",50,1e+05
"rbv2_rpart","SM",50,485.25
"rbv2_rpart","RS",54,1e+05
"rbv2_rpart","EA",54,463.35
"rbv2_rpart","OP",54,1e+05
"rbv2_rpart","SM",54,449.3
"rbv2_rpart","RS",41166,1e+05
"rbv2_rpart","EA",41166,449.3
"rbv2_rpart","OP",41166,1e+05
"rbv2_rpart","SM",41166,463.5
"rbv2_rpart","RS",307,1e+05
"rbv2_rpart","EA",307,457.85
"rbv2_rpart","OP",307,1e+05
"rbv2_rpart","SM",307,480
"rbv2_rpart","RS",1497,1e+05
"rbv2_rpart","EA",1497,452.75
"rbv2_rpart","OP",1497,1e+05
"rbv2_rpart","SM",1497,492.35
"rbv2_rpart","RS",60,1e+05
"rbv2_rpart","EA",60,476.6
"rbv2_rpart","OP",60,1e+05
"rbv2_rpart","SM",60,482
"rbv2_rpart","RS",1510,1e+05
"rbv2_rpart","EA",1510,430.6
"rbv2_rpart","OP",1510,1e+05
"rbv2_rpart","SM",1510,477.6
"rbv2_rpart","RS",40983,1e+05
"rbv2_rpart","EA",40983,473.85
"rbv2_rpart","OP",40983,1e+05
"rbv2_rpart","SM",40983,333.95
"rbv2_rpart","RS",40498,1e+05
"rbv2_rpart","EA",40498,445.85
"rbv2_rpart","OP",40498,1e+05
"rbv2_rpart","SM",40498,483.1
"rbv2_rpart","RS",181,1e+05
"rbv2_rpart","EA",181,445.9
"rbv2_rpart","OP",181,1e+05
"rbv2_rpart","SM",181,1e+05
"iaml_ranger","RS",40981,160000
"iaml_ranger","EA",40981,753.35
"iaml_ranger","OP",40981,160000
"iaml_ranger","SM",40981,160000
"iaml_ranger","RS",41146,160000
"iaml_ranger","EA",41146,160000
"iaml_ranger","OP",41146,160000
"iaml_ranger","SM",41146,567.7
"iaml_ranger","RS",1489,160000
"iaml_ranger","EA",1489,792.9
"iaml_ranger","OP",1489,160000
"iaml_ranger","SM",1489,602.55
"iaml_ranger","RS",1067,160000
"iaml_ranger","EA",1067,783.3
"iaml_ranger","OP",1067,160000
"iaml_ranger","SM",1067,714.6
"iaml_xgboost","RS",40981,260000
"iaml_xgboost","EA",40981,260000
"iaml_xgboost","OP",40981,260000
"iaml_xgboost","SM",40981,1157.35
"iaml_xgboost","RS",41146,260000
"iaml_xgboost","EA",41146,260000
"iaml_xgboost","OP",41146,260000
"iaml_xgboost","SM",41146,1161.05
"iaml_xgboost","RS",1489,260000
"iaml_xgboost","EA",1489,260000
"iaml_xgboost","OP",1489,260000
"iaml_xgboost","SM",1489,1115.1
"iaml_xgboost","RS",1067,260000
"iaml_xgboost","EA",1067,1280.55
"iaml_xgboost","OP",1067,260000
"iaml_xgboost","SM",1067,1248.1
